,clid,pdb_id,chain,wt,res_index,mut,ddg_exp_kcal,pH,temp_C,pos,delta_hydropathy,delta_charge,delta_volume,delta_polarity,blosum62,is_gly,is_pro,is_to_gly,is_to_pro,ss_idx,ss_H,ss_E,ss_C,asa,asa_norm,is_buried,is_exposed
500,1EY0A,1EY0,A,A,12.0,G,-2.37,7.0,20.0,12.0,-2.2,0.0,-28.499999999999993,0.9000000000000004,0.0,0,0,1,0,0,0,1,0,12.0,0.0410958904109589,1,0
501,1EY0A,1EY0,A,A,12.0,V,-0.89,7.0,20.0,12.0,2.4000000000000004,0.0,51.400000000000006,-2.1999999999999993,0.0,0,0,0,0,0,0,1,0,12.0,0.0410958904109589,1,0
502,1EY0A,1EY0,A,A,17.0,G,0.19,7.0,20.0,17.0,-2.2,0.0,-28.499999999999993,0.9000000000000004,0.0,0,0,1,0,0,0,1,0,14.0,0.047945205479452,1,0
503,1EY0A,1EY0,A,A,17.0,V,-1.94,7.0,20.0,17.0,2.4000000000000004,0.0,51.400000000000006,-2.1999999999999993,0.0,0,0,0,0,0,0,1,0,14.0,0.047945205479452,1,0
504,1EY0A,1EY0,A,A,58.0,G,-2.53,7.0,20.0,58.0,-2.2,0.0,-28.499999999999993,0.9000000000000004,0.0,0,0,1,0,1,1,0,0,0.0,0.0,1,0
505,1EY0A,1EY0,A,A,58.0,V,-2.63,7.0,20.0,58.0,2.4000000000000004,0.0,51.400000000000006,-2.1999999999999993,0.0,0,0,0,0,1,1,0,0,0.0,0.0,1,0
506,1EY0A,1EY0,A,A,60.0,C,-1.12,7.0,20.0,60.0,0.7,0.0,19.90000000000001,-2.5999999999999996,0.0,0,0,0,0,1,1,0,0,46.0,0.1575342465753424,0,0
507,1EY0A,1EY0,A,A,60.0,F,-0.8,7.0,20.0,60.0,0.9999999999999998,0.0,101.3,-2.8999999999999995,-2.0,0,0,0,0,1,1,0,0,46.0,0.1575342465753424,0,0
508,1EY0A,1EY0,A,A,60.0,G,-1.45,7.0,20.0,60.0,-2.2,0.0,-28.499999999999993,0.9000000000000004,0.0,0,0,1,0,1,1,0,0,46.0,0.1575342465753424,0,0
509,1EY0A,1EY0,A,A,60.0,V,-2.68,7.0,20.0,60.0,2.4000000000000004,0.0,51.400000000000006,-2.1999999999999993,0.0,0,0,0,0,1,1,0,0,46.0,0.1575342465753424,0,0
510,1EY0A,1EY0,A,A,69.0,G,-2.1,7.0,20.0,69.0,-2.2,0.0,-28.499999999999993,0.9000000000000004,0.0,0,0,1,0,2,0,0,1,23.0,0.0787671232876712,1,0
511,1EY0A,1EY0,A,A,69.0,T,-3.03,7.0,20.0,69.0,-2.5,0.0,27.5,0.5,0.0,0,0,0,0,2,0,0,1,23.0,0.0787671232876712,1,0
512,1EY0A,1EY0,A,A,69.0,V,-2.8,7.0,20.0,69.0,2.4000000000000004,0.0,51.400000000000006,-2.1999999999999993,0.0,0,0,0,0,2,0,0,1,23.0,0.0787671232876712,1,0
513,1EY0A,1EY0,A,A,90.0,G,-1.92,7.0,20.0,90.0,-2.2,0.0,-28.499999999999993,0.9000000000000004,0.0,0,0,1,0,0,0,1,0,0.0,0.0,1,0
514,1EY0A,1EY0,A,A,90.0,S,-2.24,6.7,30.3,90.0,-2.6,0.0,0.4000000000000057,1.0999999999999996,1.0,0,0,0,0,0,0,1,0,0.0,0.0,1,0
515,1EY0A,1EY0,A,A,90.0,V,0.04,7.0,20.0,90.0,2.4000000000000004,0.0,51.400000000000006,-2.1999999999999993,0.0,0,0,0,0,0,0,1,0,0.0,0.0,1,0
516,1EY0A,1EY0,A,A,94.0,G,-2.54,7.0,20.0,94.0,-2.2,0.0,-28.499999999999993,0.9000000000000004,0.0,0,0,1,0,0,0,1,0,3.0,0.0102739726027397,1,0
517,1EY0A,1EY0,A,A,94.0,V,-1.13,7.0,20.0,94.0,2.4000000000000004,0.0,51.400000000000006,-2.1999999999999993,0.0,0,0,0,0,0,0,1,0,3.0,0.0102739726027397,1,0
518,1EY0A,1EY0,A,A,102.0,F,-1.71,7.0,20.0,102.0,0.9999999999999998,0.0,101.3,-2.8999999999999995,-2.0,0,0,0,0,1,1,0,0,18.0,0.0616438356164383,1,0
519,1EY0A,1EY0,A,A,102.0,G,-1.37,7.0,20.0,102.0,-2.2,0.0,-28.499999999999993,0.9000000000000004,0.0,0,0,1,0,1,1,0,0,18.0,0.0616438356164383,1,0
520,1EY0A,1EY0,A,A,102.0,V,-1.84,7.0,20.0,102.0,2.4000000000000004,0.0,51.400000000000006,-2.1999999999999993,0.0,0,0,0,0,1,1,0,0,18.0,0.0616438356164383,1,0
521,1EY0A,1EY0,A,A,109.0,G,-0.98,7.0,20.0,109.0,-2.2,0.0,-28.499999999999993,0.9000000000000004,0.0,0,0,1,0,2,0,0,1,0.0,0.0,1,0
522,1EY0A,1EY0,A,A,109.0,V,-2.82,7.0,20.0,109.0,2.4000000000000004,0.0,51.400000000000006,-2.1999999999999993,0.0,0,0,0,0,2,0,0,1,0.0,0.0,1,0
523,1EY0A,1EY0,A,A,112.0,C,-0.75,7.0,20.0,112.0,0.7,0.0,19.90000000000001,-2.5999999999999996,0.0,0,0,0,0,2,0,0,1,14.0,0.047945205479452,1,0
524,1EY0A,1EY0,A,A,112.0,F,-1.35,7.0,20.0,112.0,0.9999999999999998,0.0,101.3,-2.8999999999999995,-2.0,0,0,0,0,2,0,0,1,14.0,0.047945205479452,1,0
525,1EY0A,1EY0,A,A,112.0,G,0.2,7.0,20.0,112.0,-2.2,0.0,-28.499999999999993,0.9000000000000004,0.0,0,0,1,0,2,0,0,1,14.0,0.047945205479452,1,0
526,1EY0A,1EY0,A,A,112.0,V,-1.19,7.0,20.0,112.0,2.4000000000000004,0.0,51.400000000000006,-2.1999999999999993,0.0,0,0,0,0,2,0,0,1,14.0,0.047945205479452,1,0
527,1EY0A,1EY0,A,A,130.0,G,-1.0,7.0,20.0,130.0,-2.2,0.0,-28.499999999999993,0.9000000000000004,0.0,0,0,1,0,1,1,0,0,50.0,0.1712328767123287,0,0
528,1EY0A,1EY0,A,A,130.0,V,-1.08,7.0,20.0,130.0,2.4000000000000004,0.0,51.400000000000006,-2.1999999999999993,0.0,0,0,0,0,1,1,0,0,50.0,0.1712328767123287,0,0
529,1EY0A,1EY0,A,A,132.0,G,-3.6,7.0,20.0,132.0,-2.2,0.0,-28.499999999999993,0.9000000000000004,0.0,0,0,1,0,1,1,0,0,0.0,0.0,1,0
530,1EY0A,1EY0,A,A,132.0,V,-4.73,7.0,20.0,132.0,2.4000000000000004,0.0,51.400000000000006,-2.1999999999999993,0.0,0,0,0,0,1,1,0,0,0.0,0.0,1,0
531,1EY0A,1EY0,A,D,19.0,A,-0.09,7.0,20.0,19.0,5.3,1.0,-22.5,-4.9,-2.0,0,0,0,0,2,0,0,1,6.0,0.0205479452054794,1,0
532,1EY0A,1EY0,A,D,19.0,F,-1.28,7.0,20.0,19.0,6.3,1.0,78.80000000000001,-7.8,-3.0,0,0,0,0,2,0,0,1,6.0,0.0205479452054794,1,0
533,1EY0A,1EY0,A,D,19.0,G,-0.42,7.0,20.0,19.0,3.1,1.0,-50.99999999999999,-4.0,-1.0,0,0,1,0,2,0,0,1,6.0,0.0205479452054794,1,0
534,1EY0A,1EY0,A,D,19.0,K,-0.41,7.0,20.0,19.0,-0.3999999999999999,2.0,57.5,-1.6999999999999993,-1.0,0,0,0,0,2,0,0,1,6.0,0.0205479452054794,1,0
535,1EY0A,1EY0,A,D,19.0,N,0.07,7.0,20.0,19.0,0.0,1.0,3.0,-1.4000000000000004,1.0,0,0,0,0,2,0,0,1,6.0,0.0205479452054794,1,0
536,1EY0A,1EY0,A,D,21.0,A,0.83,7.0,20.0,21.0,5.3,1.0,-22.5,-4.9,-2.0,0,0,0,0,2,0,0,1,3.0,0.0102739726027397,1,0
537,1EY0A,1EY0,A,D,21.0,G,0.46,7.0,20.0,21.0,3.1,1.0,-50.99999999999999,-4.0,-1.0,0,0,1,0,2,0,0,1,3.0,0.0102739726027397,1,0
538,1EY0A,1EY0,A,D,21.0,K,1.1,7.0,20.0,21.0,-0.3999999999999999,2.0,57.5,-1.6999999999999993,-1.0,0,0,0,0,2,0,0,1,3.0,0.0102739726027397,1,0
539,1EY0A,1EY0,A,D,21.0,N,1.43,7.0,20.0,21.0,0.0,1.0,3.0,-1.4000000000000004,1.0,0,0,0,0,2,0,0,1,3.0,0.0102739726027397,1,0
540,1EY0A,1EY0,A,D,40.0,A,0.41,7.0,20.0,40.0,5.3,1.0,-22.5,-4.9,-2.0,0,0,0,0,0,0,1,0,64.0,0.2191780821917808,0,0
541,1EY0A,1EY0,A,D,40.0,G,-0.38,7.0,20.0,40.0,3.1,1.0,-50.99999999999999,-4.0,-1.0,0,0,1,0,0,0,1,0,64.0,0.2191780821917808,0,0
542,1EY0A,1EY0,A,D,77.0,A,-2.39,6.5,21.6,77.0,5.3,1.0,-22.5,-4.9,-2.0,0,0,0,0,2,0,0,1,3.0,0.0102739726027397,1,0
543,1EY0A,1EY0,A,D,77.0,G,-1.81,7.0,20.0,77.0,3.1,1.0,-50.99999999999999,-4.0,-1.0,0,0,1,0,2,0,0,1,3.0,0.0102739726027397,1,0
544,1EY0A,1EY0,A,D,77.0,K,-3.28,7.0,20.0,77.0,-0.3999999999999999,2.0,57.5,-1.6999999999999993,-1.0,0,0,0,0,2,0,0,1,3.0,0.0102739726027397,1,0
545,1EY0A,1EY0,A,D,77.0,N,-2.69,7.0,20.0,77.0,0.0,1.0,3.0,-1.4000000000000004,1.0,0,0,0,0,2,0,0,1,3.0,0.0102739726027397,1,0
546,1EY0A,1EY0,A,D,83.0,A,-3.76,7.0,20.0,83.0,5.3,1.0,-22.5,-4.9,-2.0,0,0,0,0,2,0,0,1,37.0,0.1267123287671233,0,0
547,1EY0A,1EY0,A,D,83.0,G,-2.64,7.0,20.0,83.0,3.1,1.0,-50.99999999999999,-4.0,-1.0,0,0,1,0,2,0,0,1,37.0,0.1267123287671233,0,0
548,1EY0A,1EY0,A,D,95.0,A,-3.5,7.0,20.0,95.0,5.3,1.0,-22.5,-4.9,-2.0,0,0,0,0,2,0,0,1,58.0,0.1986301369863013,0,0
549,1EY0A,1EY0,A,D,95.0,G,-2.93,7.0,20.0,95.0,3.1,1.0,-50.99999999999999,-4.0,-1.0,0,0,1,0,2,0,0,1,58.0,0.1986301369863013,0,0
550,1EY0A,1EY0,A,E,10.0,A,-1.34,7.0,20.0,10.0,5.3,1.0,-49.80000000000001,-4.200000000000001,-1.0,0,0,0,0,0,0,1,0,27.0,0.0924657534246575,1,0
551,1EY0A,1EY0,A,E,10.0,G,-1.86,7.0,20.0,10.0,3.1,1.0,-78.30000000000001,-3.3000000000000007,-2.0,0,0,1,0,0,0,1,0,27.0,0.0924657534246575,1,0
552,1EY0A,1EY0,A,E,10.0,K,-1.98,7.0,20.0,10.0,-0.3999999999999999,2.0,30.19999999999999,-1.0,1.0,0,0,0,0,0,0,1,0,27.0,0.0924657534246575,1,0
553,1EY0A,1EY0,A,E,10.0,Q,-0.97,7.0,20.0,10.0,0.0,1.0,5.400000000000006,-1.8000000000000007,2.0,0,0,0,0,0,0,1,0,27.0,0.0924657534246575,1,0
554,1EY0A,1EY0,A,E,43.0,A,0.32,7.0,20.0,43.0,5.3,1.0,-49.80000000000001,-4.200000000000001,-1.0,0,0,0,0,2,0,0,1,39.0,0.1335616438356164,0,0
555,1EY0A,1EY0,A,E,43.0,D,0.2,7.0,20.0,43.0,0.0,0.0,-27.30000000000001,0.6999999999999993,2.0,0,0,0,0,2,0,0,1,39.0,0.1335616438356164,0,0
556,1EY0A,1EY0,A,E,43.0,G,0.59,7.0,20.0,43.0,3.1,1.0,-78.30000000000001,-3.3000000000000007,-2.0,0,0,1,0,2,0,0,1,39.0,0.1335616438356164,0,0
557,1EY0A,1EY0,A,E,52.0,A,-0.05,7.0,20.0,52.0,5.3,1.0,-49.80000000000001,-4.200000000000001,-1.0,0,0,0,0,2,0,0,1,61.0,0.2089041095890411,0,0
558,1EY0A,1EY0,A,E,52.0,F,-0.51,7.0,20.0,52.0,6.3,1.0,51.5,-7.1000000000000005,-3.0,0,0,0,0,2,0,0,1,61.0,0.2089041095890411,0,0
559,1EY0A,1EY0,A,E,52.0,G,-0.27,7.0,20.0,52.0,3.1,1.0,-78.30000000000001,-3.3000000000000007,-2.0,0,0,1,0,2,0,0,1,61.0,0.2089041095890411,0,0
560,1EY0A,1EY0,A,E,57.0,A,-0.1,7.0,20.0,57.0,5.3,1.0,-49.80000000000001,-4.200000000000001,-1.0,0,0,0,0,1,1,0,0,102.0,0.3493150684931507,0,1
561,1EY0A,1EY0,A,E,57.0,C,-0.64,7.0,20.0,57.0,6.0,1.0,-29.90000000000001,-6.800000000000001,-4.0,0,0,0,0,1,1,0,0,102.0,0.3493150684931507,0,1
562,1EY0A,1EY0,A,E,57.0,F,-0.79,7.0,20.0,57.0,6.3,1.0,51.5,-7.1000000000000005,-3.0,0,0,0,0,1,1,0,0,102.0,0.3493150684931507,0,1
563,1EY0A,1EY0,A,E,57.0,G,-1.41,7.0,20.0,57.0,3.1,1.0,-78.30000000000001,-3.3000000000000007,-2.0,0,0,1,0,1,1,0,0,102.0,0.3493150684931507,0,1
564,1EY0A,1EY0,A,E,57.0,K,0.01,7.0,20.0,57.0,-0.3999999999999999,2.0,30.19999999999999,-1.0,1.0,0,0,0,0,1,1,0,0,102.0,0.3493150684931507,0,1
565,1EY0A,1EY0,A,E,57.0,Q,-0.14,7.0,20.0,57.0,0.0,1.0,5.400000000000006,-1.8000000000000007,2.0,0,0,0,0,1,1,0,0,102.0,0.3493150684931507,0,1
566,1EY0A,1EY0,A,E,67.0,A,-1.05,7.0,20.0,67.0,5.3,1.0,-49.80000000000001,-4.200000000000001,-1.0,0,0,0,0,1,1,0,0,96.0,0.3287671232876712,0,1
567,1EY0A,1EY0,A,E,67.0,F,-1.33,7.0,20.0,67.0,6.3,1.0,51.5,-7.1000000000000005,-3.0,0,0,0,0,1,1,0,0,96.0,0.3287671232876712,0,1
568,1EY0A,1EY0,A,E,67.0,G,-1.0,7.0,20.0,67.0,3.1,1.0,-78.30000000000001,-3.3000000000000007,-2.0,0,0,1,0,1,1,0,0,96.0,0.3287671232876712,0,1
569,1EY0A,1EY0,A,E,67.0,Q,-0.57,7.0,20.0,67.0,0.0,1.0,5.400000000000006,-1.8000000000000007,2.0,0,0,0,0,1,1,0,0,96.0,0.3287671232876712,0,1
570,1EY0A,1EY0,A,E,73.0,A,-1.46,7.0,20.0,73.0,5.3,1.0,-49.80000000000001,-4.200000000000001,-1.0,0,0,0,0,0,0,1,0,56.0,0.1917808219178082,0,0
571,1EY0A,1EY0,A,E,73.0,F,-0.88,7.0,20.0,73.0,6.3,1.0,51.5,-7.1000000000000005,-3.0,0,0,0,0,0,0,1,0,56.0,0.1917808219178082,0,0
572,1EY0A,1EY0,A,E,73.0,G,-2.76,7.0,20.0,73.0,3.1,1.0,-78.30000000000001,-3.3000000000000007,-2.0,0,0,1,0,0,0,1,0,56.0,0.1917808219178082,0,0
573,1EY0A,1EY0,A,E,73.0,K,-2.06,7.0,20.0,73.0,-0.3999999999999999,2.0,30.19999999999999,-1.0,1.0,0,0,0,0,0,0,1,0,56.0,0.1917808219178082,0,0
574,1EY0A,1EY0,A,E,73.0,Q,-0.64,7.0,20.0,73.0,0.0,1.0,5.400000000000006,-1.8000000000000007,2.0,0,0,0,0,0,0,1,0,56.0,0.1917808219178082,0,0
575,1EY0A,1EY0,A,E,75.0,A,-1.69,6.2,22.5,75.0,5.3,1.0,-49.80000000000001,-4.200000000000001,-1.0,0,0,0,0,0,0,1,0,10.0,0.0342465753424657,1,0
576,1EY0A,1EY0,A,E,75.0,G,-3.43,7.0,20.0,75.0,3.1,1.0,-78.30000000000001,-3.3000000000000007,-2.0,0,0,1,0,0,0,1,0,10.0,0.0342465753424657,1,0
577,1EY0A,1EY0,A,E,75.0,K,-2.22,7.0,20.0,75.0,-0.3999999999999999,2.0,30.19999999999999,-1.0,1.0,0,0,0,0,0,0,1,0,10.0,0.0342465753424657,1,0
578,1EY0A,1EY0,A,E,75.0,Q,-0.61,7.0,20.0,75.0,0.0,1.0,5.400000000000006,-1.8000000000000007,2.0,0,0,0,0,0,0,1,0,10.0,0.0342465753424657,1,0
579,1EY0A,1EY0,A,E,75.0,V,-2.31,7.0,20.0,75.0,7.7,1.0,1.5999999999999943,-6.4,-2.0,0,0,0,0,0,0,1,0,10.0,0.0342465753424657,1,0
580,1EY0A,1EY0,A,E,101.0,A,-1.36,7.0,20.0,101.0,5.3,1.0,-49.80000000000001,-4.200000000000001,-1.0,0,0,0,0,1,1,0,0,43.0,0.1472602739726027,0,0
581,1EY0A,1EY0,A,E,101.0,F,-2.74,7.0,20.0,101.0,6.3,1.0,51.5,-7.1000000000000005,-3.0,0,0,0,0,1,1,0,0,43.0,0.1472602739726027,0,0
582,1EY0A,1EY0,A,E,101.0,G,-2.47,7.0,20.0,101.0,3.1,1.0,-78.30000000000001,-3.3000000000000007,-2.0,0,0,1,0,1,1,0,0,43.0,0.1472602739726027,0,0
583,1EY0A,1EY0,A,E,122.0,A,-0.27,7.0,20.0,122.0,5.3,1.0,-49.80000000000001,-4.200000000000001,-1.0,0,0,0,0,1,1,0,0,40.0,0.136986301369863,0,0
584,1EY0A,1EY0,A,E,122.0,F,-0.44,7.0,20.0,122.0,6.3,1.0,51.5,-7.1000000000000005,-3.0,0,0,0,0,1,1,0,0,40.0,0.136986301369863,0,0
585,1EY0A,1EY0,A,E,122.0,G,-1.99,7.0,20.0,122.0,3.1,1.0,-78.30000000000001,-3.3000000000000007,-2.0,0,0,1,0,1,1,0,0,40.0,0.136986301369863,0,0
586,1EY0A,1EY0,A,E,122.0,K,-2.53,7.0,20.0,122.0,-0.3999999999999999,2.0,30.19999999999999,-1.0,1.0,0,0,0,0,1,1,0,0,40.0,0.136986301369863,0,0
587,1EY0A,1EY0,A,E,122.0,Q,-1.52,7.0,20.0,122.0,0.0,1.0,5.400000000000006,-1.8000000000000007,2.0,0,0,0,0,1,1,0,0,40.0,0.136986301369863,0,0
588,1EY0A,1EY0,A,E,129.0,A,-2.2,7.0,20.0,129.0,5.3,1.0,-49.80000000000001,-4.200000000000001,-1.0,0,0,0,0,1,1,0,0,24.0,0.0821917808219178,1,0
589,1EY0A,1EY0,A,E,129.0,F,-3.88,7.0,20.0,129.0,6.3,1.0,51.5,-7.1000000000000005,-3.0,0,0,0,0,1,1,0,0,24.0,0.0821917808219178,1,0
590,1EY0A,1EY0,A,E,129.0,G,-3.72,7.0,20.0,129.0,3.1,1.0,-78.30000000000001,-3.3000000000000007,-2.0,0,0,1,0,1,1,0,0,24.0,0.0821917808219178,1,0
591,1EY0A,1EY0,A,E,135.0,A,-0.73,7.0,20.0,135.0,5.3,1.0,-49.80000000000001,-4.200000000000001,-1.0,0,0,0,0,2,0,0,1,76.0,0.2602739726027397,0,0
592,1EY0A,1EY0,A,E,135.0,F,-1.1,7.0,20.0,135.0,6.3,1.0,51.5,-7.1000000000000005,-3.0,0,0,0,0,2,0,0,1,76.0,0.2602739726027397,0,0
593,1EY0A,1EY0,A,E,135.0,G,-1.64,7.0,20.0,135.0,3.1,1.0,-78.30000000000001,-3.3000000000000007,-2.0,0,0,1,0,2,0,0,1,76.0,0.2602739726027397,0,0
594,1EY0A,1EY0,A,E,135.0,K,-1.17,7.0,20.0,135.0,-0.3999999999999999,2.0,30.19999999999999,-1.0,1.0,0,0,0,0,2,0,0,1,76.0,0.2602739726027397,0,0
595,1EY0A,1EY0,A,E,135.0,Q,-0.71,7.0,20.0,135.0,0.0,1.0,5.400000000000006,-1.8000000000000007,2.0,0,0,0,0,2,0,0,1,76.0,0.2602739726027397,0,0
596,1EY0A,1EY0,A,F,34.0,A,-3.8,7.0,20.0,34.0,-0.9999999999999998,0.0,-101.3,2.8999999999999995,-2.0,0,0,0,0,0,0,1,0,0.0,0.0,1,0
597,1EY0A,1EY0,A,F,61.0,A,-2.34,7.0,20.0,61.0,-0.9999999999999998,0.0,-101.3,2.8999999999999995,-2.0,0,0,0,0,1,1,0,0,57.0,0.1952054794520548,0,0
598,1EY0A,1EY0,A,F,61.0,G,-4.76,7.0,20.0,61.0,-3.1999999999999997,0.0,-129.8,3.8,-3.0,0,0,1,0,1,1,0,0,57.0,0.1952054794520548,0,0
599,1EY0A,1EY0,A,F,76.0,A,-4.1,7.0,20.0,76.0,-0.9999999999999998,0.0,-101.3,2.8999999999999995,-2.0,0,0,0,0,0,0,1,0,12.0,0.0410958904109589,1,0
600,1EY0A,1EY0,A,F,76.0,G,-4.73,7.0,20.0,76.0,-3.1999999999999997,0.0,-129.8,3.8,-3.0,0,0,1,0,0,0,1,0,12.0,0.0410958904109589,1,0
601,1EY0A,1EY0,A,G,20.0,A,-0.12,7.0,20.0,20.0,2.2,0.0,28.499999999999993,-0.9000000000000004,0.0,1,0,0,0,2,0,0,1,0.0,0.0,1,0
602,1EY0A,1EY0,A,G,20.0,V,-2.18,7.0,20.0,20.0,4.6000000000000005,0.0,79.9,-3.0999999999999996,-3.0,1,0,0,0,2,0,0,1,0.0,0.0,1,0
603,1EY0A,1EY0,A,G,29.0,A,-1.41,7.0,20.0,29.0,2.2,0.0,28.499999999999993,-0.9000000000000004,0.0,1,0,0,0,2,0,0,1,61.0,0.2089041095890411,0,0
604,1EY0A,1EY0,A,G,29.0,C,-1.26,7.0,20.0,29.0,2.9,0.0,48.4,-3.5,-3.0,1,0,0,0,2,0,0,1,61.0,0.2089041095890411,0,0
605,1EY0A,1EY0,A,G,29.0,F,-1.46,7.0,20.0,29.0,3.1999999999999997,0.0,129.8,-3.8,-3.0,1,0,0,0,2,0,0,1,61.0,0.2089041095890411,0,0
606,1EY0A,1EY0,A,G,29.0,V,-3.11,7.0,20.0,29.0,4.6000000000000005,0.0,79.9,-3.0999999999999996,-3.0,1,0,0,0,2,0,0,1,61.0,0.2089041095890411,0,0
607,1EY0A,1EY0,A,G,50.0,A,0.16,7.0,20.0,50.0,2.2,0.0,28.499999999999993,-0.9000000000000004,0.0,1,0,0,0,2,0,0,1,21.0,0.071917808219178,1,0
608,1EY0A,1EY0,A,G,50.0,C,-0.75,7.0,20.0,50.0,2.9,0.0,48.4,-3.5,-3.0,1,0,0,0,2,0,0,1,21.0,0.071917808219178,1,0
609,1EY0A,1EY0,A,G,50.0,F,-0.55,7.0,20.0,50.0,3.1999999999999997,0.0,129.8,-3.8,-3.0,1,0,0,0,2,0,0,1,21.0,0.071917808219178,1,0
610,1EY0A,1EY0,A,G,50.0,V,-1.0,7.0,20.0,50.0,4.6000000000000005,0.0,79.9,-3.0999999999999996,-3.0,1,0,0,0,2,0,0,1,21.0,0.071917808219178,1,0
611,1EY0A,1EY0,A,G,55.0,A,-0.44,7.0,20.0,55.0,2.2,0.0,28.499999999999993,-0.9000000000000004,0.0,1,0,0,0,1,1,0,0,0.0,0.0,1,0
612,1EY0A,1EY0,A,G,55.0,V,-1.48,7.0,20.0,55.0,4.6000000000000005,0.0,79.9,-3.0999999999999996,-3.0,1,0,0,0,1,1,0,0,0.0,0.0,1,0
613,1EY0A,1EY0,A,G,79.0,A,-2.17,7.0,20.0,79.0,2.2,0.0,28.499999999999993,-0.9000000000000004,0.0,1,0,0,0,2,0,0,1,15.0,0.0513698630136986,1,0
614,1EY0A,1EY0,A,G,79.0,D,-2.28,7.0,20.0,79.0,-3.1,-1.0,50.99999999999999,4.0,-1.0,1,0,0,0,2,0,0,1,15.0,0.0513698630136986,1,0
615,1EY0A,1EY0,A,G,79.0,S,-2.14,6.5,31.5,79.0,-0.4,0.0,28.9,0.1999999999999993,0.0,1,0,0,0,2,0,0,1,15.0,0.0513698630136986,1,0
616,1EY0A,1EY0,A,G,79.0,V,-2.23,7.0,20.0,79.0,4.6000000000000005,0.0,79.9,-3.0999999999999996,-3.0,1,0,0,0,2,0,0,1,15.0,0.0513698630136986,1,0
617,1EY0A,1EY0,A,G,86.0,A,-0.31,7.0,20.0,86.0,2.2,0.0,28.499999999999993,-0.9000000000000004,0.0,1,0,0,0,2,0,0,1,48.0,0.1643835616438356,0,0
618,1EY0A,1EY0,A,G,86.0,F,-1.99,7.0,20.0,86.0,3.1999999999999997,0.0,129.8,-3.8,-3.0,1,0,0,0,2,0,0,1,48.0,0.1643835616438356,0,0
619,1EY0A,1EY0,A,G,86.0,V,-3.74,7.0,20.0,86.0,4.6000000000000005,0.0,79.9,-3.0999999999999996,-3.0,1,0,0,0,2,0,0,1,48.0,0.1643835616438356,0,0
620,1EY0A,1EY0,A,G,88.0,A,0.19,7.0,20.0,88.0,2.2,0.0,28.499999999999993,-0.9000000000000004,0.0,1,0,0,0,0,0,1,0,0.0,0.0,1,0
621,1EY0A,1EY0,A,G,88.0,V,-0.24,6.8,28.9,88.0,4.6000000000000005,0.0,79.9,-3.0999999999999996,-3.0,1,0,0,0,0,0,1,0,0.0,0.0,1,0
622,1EY0A,1EY0,A,G,88.0,W,-0.1,7.0,20.0,88.0,-0.5,0.0,167.70000000000002,-3.5999999999999996,-2.0,1,0,0,0,0,0,1,0,0.0,0.0,1,0
623,1EY0A,1EY0,A,G,96.0,A,-1.8,7.0,20.0,96.0,2.2,0.0,28.499999999999993,-0.9000000000000004,0.0,1,0,0,0,2,0,0,1,52.0,0.1780821917808219,0,0
624,1EY0A,1EY0,A,G,96.0,F,-2.55,7.0,20.0,96.0,3.1999999999999997,0.0,129.8,-3.8,-3.0,1,0,0,0,2,0,0,1,52.0,0.1780821917808219,0,0
625,1EY0A,1EY0,A,G,96.0,V,-3.74,7.0,20.0,96.0,4.6000000000000005,0.0,79.9,-3.0999999999999996,-3.0,1,0,0,0,2,0,0,1,52.0,0.1780821917808219,0,0
626,1EY0A,1EY0,A,G,107.0,A,-4.41,7.0,20.0,107.0,2.2,0.0,28.499999999999993,-0.9000000000000004,0.0,1,0,0,0,2,0,0,1,0.0,0.0,1,0
627,1EY0A,1EY0,A,H,8.0,A,-0.48,7.0,20.0,8.0,5.0,-0.1,-64.6,-2.3000000000000007,-2.0,0,0,0,0,2,0,0,1,111.0,0.3801369863013699,0,1
628,1EY0A,1EY0,A,H,8.0,G,-0.85,7.0,20.0,8.0,2.8000000000000003,-0.1,-93.1,-1.4000000000000004,-2.0,0,0,1,0,2,0,0,1,111.0,0.3801369863013699,0,1
629,1EY0A,1EY0,A,H,46.0,A,-0.45,7.0,20.0,46.0,5.0,-0.1,-64.6,-2.3000000000000007,-2.0,0,0,0,0,2,0,0,1,53.0,0.1815068493150685,0,0
630,1EY0A,1EY0,A,H,46.0,G,-0.17,7.0,20.0,46.0,2.8000000000000003,-0.1,-93.1,-1.4000000000000004,-2.0,0,0,1,0,2,0,0,1,53.0,0.1815068493150685,0,0
631,1EY0A,1EY0,A,H,46.0,Y,0.0,5.4,40.0,46.0,1.9,-0.1,40.400000000000006,-4.2,2.0,0,0,0,0,2,0,0,1,53.0,0.1815068493150685,0,0
632,1EY0A,1EY0,A,H,121.0,A,-2.92,7.0,20.0,121.0,5.0,-0.1,-64.6,-2.3000000000000007,-2.0,0,0,0,0,2,0,0,1,38.0,0.1301369863013698,0,0
633,1EY0A,1EY0,A,H,121.0,G,-4.09,7.0,20.0,121.0,2.8000000000000003,-0.1,-93.1,-1.4000000000000004,-2.0,0,0,1,0,2,0,0,1,38.0,0.1301369863013698,0,0
634,1EY0A,1EY0,A,H,124.0,A,0.57,7.0,20.0,124.0,5.0,-0.1,-64.6,-2.3000000000000007,-2.0,0,0,0,0,1,1,0,0,94.0,0.3219178082191781,0,1
635,1EY0A,1EY0,A,H,124.0,E,0.46,7.0,20.0,124.0,-0.2999999999999998,-1.1,-14.799999999999985,1.9000000000000004,0.0,0,0,0,0,1,1,0,0,94.0,0.3219178082191781,0,1
636,1EY0A,1EY0,A,H,124.0,F,0.51,7.0,20.0,124.0,6.0,-0.1,36.70000000000002,-5.2,-1.0,0,0,0,0,1,1,0,0,94.0,0.3219178082191781,0,1
637,1EY0A,1EY0,A,H,124.0,G,-0.52,7.0,20.0,124.0,2.8000000000000003,-0.1,-93.1,-1.4000000000000004,-2.0,0,0,1,0,1,1,0,0,94.0,0.3219178082191781,0,1
638,1EY0A,1EY0,A,H,124.0,L,1.31,5.9,46.9,124.0,7.0,-0.1,13.5,-5.5,-3.0,0,0,0,0,1,1,0,0,94.0,0.3219178082191781,0,1
639,1EY0A,1EY0,A,H,124.0,Q,0.69,7.0,20.0,124.0,-0.2999999999999998,-0.1,-9.399999999999975,0.0999999999999996,0.0,0,0,0,0,1,1,0,0,94.0,0.3219178082191781,0,1
640,1EY0A,1EY0,A,I,15.0,A,-2.73,7.0,20.0,15.0,-2.7,0.0,-78.1,2.8999999999999995,-1.0,0,0,0,0,0,0,1,0,75.0,0.2568493150684932,0,0
641,1EY0A,1EY0,A,I,15.0,G,-3.43,7.0,20.0,15.0,-4.9,0.0,-106.6,3.8,-4.0,0,0,1,0,0,0,1,0,75.0,0.2568493150684932,0,0
642,1EY0A,1EY0,A,I,15.0,L,-0.62,7.0,20.0,15.0,-0.7000000000000002,0.0,0.0,-0.2999999999999998,2.0,0,0,0,0,0,0,1,0,75.0,0.2568493150684932,0,0
643,1EY0A,1EY0,A,I,15.0,M,-0.15,7.0,20.0,15.0,-2.6,0.0,-3.799999999999983,0.5,1.0,0,0,0,0,0,0,1,0,75.0,0.2568493150684932,0,0
644,1EY0A,1EY0,A,I,15.0,V,-0.88,7.0,20.0,15.0,-0.2999999999999998,0.0,-26.69999999999999,0.7000000000000002,3.0,0,0,0,0,0,0,1,0,75.0,0.2568493150684932,0,0
645,1EY0A,1EY0,A,I,18.0,A,-2.65,7.0,20.0,18.0,-2.7,0.0,-78.1,2.8999999999999995,-1.0,0,0,0,0,2,0,0,1,43.0,0.1472602739726027,0,0
646,1EY0A,1EY0,A,I,18.0,G,-2.63,7.0,20.0,18.0,-4.9,0.0,-106.6,3.8,-4.0,0,0,1,0,2,0,0,1,43.0,0.1472602739726027,0,0
647,1EY0A,1EY0,A,I,18.0,L,-0.14,7.0,20.0,18.0,-0.7000000000000002,0.0,0.0,-0.2999999999999998,2.0,0,0,0,0,2,0,0,1,43.0,0.1472602739726027,0,0
648,1EY0A,1EY0,A,I,18.0,M,-0.68,6.7,23.6,18.0,-2.6,0.0,-3.799999999999983,0.5,1.0,0,0,0,0,2,0,0,1,43.0,0.1472602739726027,0,0
649,1EY0A,1EY0,A,I,18.0,V,-0.96,7.0,20.0,18.0,-0.2999999999999998,0.0,-26.69999999999999,0.7000000000000002,3.0,0,0,0,0,2,0,0,1,43.0,0.1472602739726027,0,0
650,1EY0A,1EY0,A,I,72.0,L,-0.23,7.0,20.0,72.0,-0.7000000000000002,0.0,0.0,-0.2999999999999998,2.0,0,0,0,0,0,0,1,0,15.0,0.0513698630136986,1,0
651,1EY0A,1EY0,A,I,72.0,M,-1.88,7.0,20.0,72.0,-2.6,0.0,-3.799999999999983,0.5,1.0,0,0,0,0,0,0,1,0,15.0,0.0513698630136986,1,0
652,1EY0A,1EY0,A,I,72.0,V,-1.79,7.0,20.0,72.0,-0.2999999999999998,0.0,-26.69999999999999,0.7000000000000002,3.0,0,0,0,0,0,0,1,0,15.0,0.0513698630136986,1,0
653,1EY0A,1EY0,A,I,92.0,A,-4.12,7.0,20.0,92.0,-2.7,0.0,-78.1,2.8999999999999995,-1.0,0,0,0,0,0,0,1,0,1.0,0.0034246575342465,1,0
654,1EY0A,1EY0,A,I,92.0,L,-0.6,7.0,20.0,92.0,-0.7000000000000002,0.0,0.0,-0.2999999999999998,2.0,0,0,0,0,0,0,1,0,1.0,0.0034246575342465,1,0
655,1EY0A,1EY0,A,I,92.0,M,-1.75,7.0,20.0,92.0,-2.6,0.0,-3.799999999999983,0.5,1.0,0,0,0,0,0,0,1,0,1.0,0.0034246575342465,1,0
656,1EY0A,1EY0,A,I,92.0,V,-0.46,7.0,20.0,92.0,-0.2999999999999998,0.0,-26.69999999999999,0.7000000000000002,3.0,0,0,0,0,0,0,1,0,1.0,0.0034246575342465,1,0
657,1EY0A,1EY0,A,I,139.0,A,-3.29,7.0,20.0,139.0,-2.7,0.0,-78.1,2.8999999999999995,-1.0,0,0,0,0,1,1,0,0,48.0,0.1643835616438356,0,0
658,1EY0A,1EY0,A,I,139.0,G,-4.22,7.0,20.0,139.0,-4.9,0.0,-106.6,3.8,-4.0,0,0,1,0,1,1,0,0,48.0,0.1643835616438356,0,0
659,1EY0A,1EY0,A,I,139.0,L,-0.09,7.0,20.0,139.0,-0.7000000000000002,0.0,0.0,-0.2999999999999998,2.0,0,0,0,0,1,1,0,0,48.0,0.1643835616438356,0,0
660,1EY0A,1EY0,A,I,139.0,M,-0.39,7.0,20.0,139.0,-2.6,0.0,-3.799999999999983,0.5,1.0,0,0,0,0,1,1,0,0,48.0,0.1643835616438356,0,0
661,1EY0A,1EY0,A,I,139.0,V,-1.37,7.0,20.0,139.0,-0.2999999999999998,0.0,-26.69999999999999,0.7000000000000002,3.0,0,0,0,0,1,1,0,0,48.0,0.1643835616438356,0,0
662,1EY0A,1EY0,A,K,6.0,A,0.19,7.0,20.0,6.0,5.7,-1.0,-80.0,-3.200000000000001,-1.0,0,0,0,0,2,0,0,1,235.0,0.8047945205479452,0,1
663,1EY0A,1EY0,A,K,6.0,G,0.25,7.0,20.0,6.0,3.5,-1.0,-108.5,-2.3000000000000007,-2.0,0,0,1,0,2,0,0,1,235.0,0.8047945205479452,0,1
664,1EY0A,1EY0,A,K,9.0,A,-1.38,7.0,20.0,9.0,5.7,-1.0,-80.0,-3.200000000000001,-1.0,0,0,0,0,0,0,1,0,90.0,0.3082191780821918,0,1
665,1EY0A,1EY0,A,K,9.0,F,-1.03,7.0,20.0,9.0,6.699999999999999,-1.0,21.30000000000001,-6.1000000000000005,-3.0,0,0,0,0,0,0,1,0,90.0,0.3082191780821918,0,1
666,1EY0A,1EY0,A,K,9.0,G,-1.88,7.0,20.0,9.0,3.5,-1.0,-108.5,-2.3000000000000007,-2.0,0,0,1,0,0,0,1,0,90.0,0.3082191780821918,0,1
667,1EY0A,1EY0,A,K,16.0,A,-0.06,7.0,20.0,16.0,5.7,-1.0,-80.0,-3.200000000000001,-1.0,0,0,0,0,0,0,1,0,128.0,0.4383561643835616,0,1
668,1EY0A,1EY0,A,K,16.0,F,-0.38,7.0,20.0,16.0,6.699999999999999,-1.0,21.30000000000001,-6.1000000000000005,-3.0,0,0,0,0,0,0,1,0,128.0,0.4383561643835616,0,1
669,1EY0A,1EY0,A,K,16.0,G,-0.76,7.0,20.0,16.0,3.5,-1.0,-108.5,-2.3000000000000007,-2.0,0,0,1,0,0,0,1,0,128.0,0.4383561643835616,0,1
670,1EY0A,1EY0,A,K,24.0,A,-0.34,7.0,20.0,24.0,5.7,-1.0,-80.0,-3.200000000000001,-1.0,0,0,0,0,0,0,1,0,83.0,0.2842465753424658,0,1
671,1EY0A,1EY0,A,K,24.0,F,-0.4,7.0,20.0,24.0,6.699999999999999,-1.0,21.30000000000001,-6.1000000000000005,-3.0,0,0,0,0,0,0,1,0,83.0,0.2842465753424658,0,1
672,1EY0A,1EY0,A,K,24.0,G,-1.6,7.0,20.0,24.0,3.5,-1.0,-108.5,-2.3000000000000007,-2.0,0,0,1,0,0,0,1,0,83.0,0.2842465753424658,0,1
673,1EY0A,1EY0,A,K,28.0,A,-0.7,7.0,20.0,28.0,5.7,-1.0,-80.0,-3.200000000000001,-1.0,0,0,0,0,2,0,0,1,163.0,0.5582191780821918,0,1
674,1EY0A,1EY0,A,K,28.0,E,-0.79,7.0,20.0,28.0,0.3999999999999999,-2.0,-30.19999999999999,1.0,1.0,0,0,0,0,2,0,0,1,163.0,0.5582191780821918,0,1
675,1EY0A,1EY0,A,K,28.0,F,-0.85,7.0,20.0,28.0,6.699999999999999,-1.0,21.30000000000001,-6.1000000000000005,-3.0,0,0,0,0,2,0,0,1,163.0,0.5582191780821918,0,1
676,1EY0A,1EY0,A,K,28.0,G,-0.8,7.0,20.0,28.0,3.5,-1.0,-108.5,-2.3000000000000007,-2.0,0,0,1,0,2,0,0,1,163.0,0.5582191780821918,0,1
677,1EY0A,1EY0,A,K,28.0,Q,-0.28,7.0,20.0,28.0,0.3999999999999999,-1.0,-24.799999999999983,-0.8000000000000007,1.0,0,0,0,0,2,0,0,1,163.0,0.5582191780821918,0,1
678,1EY0A,1EY0,A,K,45.0,A,0.19,7.0,20.0,45.0,5.7,-1.0,-80.0,-3.200000000000001,-1.0,0,0,0,0,2,0,0,1,135.0,0.4623287671232877,0,1
679,1EY0A,1EY0,A,K,45.0,G,0.2,7.0,20.0,45.0,3.5,-1.0,-108.5,-2.3000000000000007,-2.0,0,0,1,0,2,0,0,1,135.0,0.4623287671232877,0,1
680,1EY0A,1EY0,A,K,48.0,A,0.09,7.0,20.0,48.0,5.7,-1.0,-80.0,-3.200000000000001,-1.0,0,0,0,0,2,0,0,1,186.0,0.636986301369863,0,1
681,1EY0A,1EY0,A,K,48.0,E,0.1,7.0,20.0,48.0,0.3999999999999999,-2.0,-30.19999999999999,1.0,1.0,0,0,0,0,2,0,0,1,186.0,0.636986301369863,0,1
682,1EY0A,1EY0,A,K,48.0,F,-0.25,7.0,20.0,48.0,6.699999999999999,-1.0,21.30000000000001,-6.1000000000000005,-3.0,0,0,0,0,2,0,0,1,186.0,0.636986301369863,0,1
683,1EY0A,1EY0,A,K,48.0,G,0.24,7.0,20.0,48.0,3.5,-1.0,-108.5,-2.3000000000000007,-2.0,0,0,1,0,2,0,0,1,186.0,0.636986301369863,0,1
684,1EY0A,1EY0,A,K,48.0,Q,-0.02,7.0,20.0,48.0,0.3999999999999999,-1.0,-24.799999999999983,-0.8000000000000007,1.0,0,0,0,0,2,0,0,1,186.0,0.636986301369863,0,1
685,1EY0A,1EY0,A,K,49.0,A,-0.25,7.0,20.0,49.0,5.7,-1.0,-80.0,-3.200000000000001,-1.0,0,0,0,0,2,0,0,1,172.0,0.589041095890411,0,1
686,1EY0A,1EY0,A,K,49.0,F,0.2,7.0,20.0,49.0,6.699999999999999,-1.0,21.30000000000001,-6.1000000000000005,-3.0,0,0,0,0,2,0,0,1,172.0,0.589041095890411,0,1
687,1EY0A,1EY0,A,K,49.0,G,-0.1,7.0,20.0,49.0,3.5,-1.0,-108.5,-2.3000000000000007,-2.0,0,0,1,0,2,0,0,1,172.0,0.589041095890411,0,1
688,1EY0A,1EY0,A,K,53.0,A,-0.17,7.0,20.0,53.0,5.7,-1.0,-80.0,-3.200000000000001,-1.0,0,0,0,0,2,0,0,1,155.0,0.5308219178082192,0,1
689,1EY0A,1EY0,A,K,53.0,G,-0.08,7.0,20.0,53.0,3.5,-1.0,-108.5,-2.3000000000000007,-2.0,0,0,1,0,2,0,0,1,155.0,0.5308219178082192,0,1
690,1EY0A,1EY0,A,K,63.0,A,-0.32,7.0,20.0,63.0,5.7,-1.0,-80.0,-3.200000000000001,-1.0,0,0,0,0,1,1,0,0,88.0,0.3013698630136986,0,1
691,1EY0A,1EY0,A,K,63.0,E,-1.47,7.0,20.0,63.0,0.3999999999999999,-2.0,-30.19999999999999,1.0,1.0,0,0,0,0,1,1,0,0,88.0,0.3013698630136986,0,1
692,1EY0A,1EY0,A,K,63.0,F,-1.83,7.0,20.0,63.0,6.699999999999999,-1.0,21.30000000000001,-6.1000000000000005,-3.0,0,0,0,0,1,1,0,0,88.0,0.3013698630136986,0,1
693,1EY0A,1EY0,A,K,63.0,G,-1.57,7.0,20.0,63.0,3.5,-1.0,-108.5,-2.3000000000000007,-2.0,0,0,1,0,1,1,0,0,88.0,0.3013698630136986,0,1
694,1EY0A,1EY0,A,K,63.0,Q,-0.89,7.0,20.0,63.0,0.3999999999999999,-1.0,-24.799999999999983,-0.8000000000000007,1.0,0,0,0,0,1,1,0,0,88.0,0.3013698630136986,0,1
695,1EY0A,1EY0,A,K,64.0,A,0.16,7.0,20.0,64.0,5.7,-1.0,-80.0,-3.200000000000001,-1.0,0,0,0,0,1,1,0,0,134.0,0.4589041095890411,0,1
696,1EY0A,1EY0,A,K,64.0,E,-1.68,7.0,20.0,64.0,0.3999999999999999,-2.0,-30.19999999999999,1.0,1.0,0,0,0,0,1,1,0,0,134.0,0.4589041095890411,0,1
697,1EY0A,1EY0,A,K,64.0,F,-0.09,7.0,20.0,64.0,6.699999999999999,-1.0,21.30000000000001,-6.1000000000000005,-3.0,0,0,0,0,1,1,0,0,134.0,0.4589041095890411,0,1
698,1EY0A,1EY0,A,K,64.0,G,-0.51,7.0,20.0,64.0,3.5,-1.0,-108.5,-2.3000000000000007,-2.0,0,0,1,0,1,1,0,0,134.0,0.4589041095890411,0,1
699,1EY0A,1EY0,A,K,64.0,Q,0.0,7.0,20.0,64.0,0.3999999999999999,-1.0,-24.799999999999983,-0.8000000000000007,1.0,0,0,0,0,1,1,0,0,134.0,0.4589041095890411,0,1
700,1EY0A,1EY0,A,K,70.0,A,-0.16,7.0,20.0,70.0,5.7,-1.0,-80.0,-3.200000000000001,-1.0,0,0,0,0,2,0,0,1,183.0,0.6267123287671232,0,1
701,1EY0A,1EY0,A,K,70.0,C,-0.48,7.0,20.0,70.0,6.4,-1.0,-60.099999999999994,-5.800000000000001,-3.0,0,0,0,0,2,0,0,1,183.0,0.6267123287671232,0,1
702,1EY0A,1EY0,A,K,70.0,E,-0.3,7.0,20.0,70.0,0.3999999999999999,-2.0,-30.19999999999999,1.0,1.0,0,0,0,0,2,0,0,1,183.0,0.6267123287671232,0,1
703,1EY0A,1EY0,A,K,70.0,F,-0.03,7.0,20.0,70.0,6.699999999999999,-1.0,21.30000000000001,-6.1000000000000005,-3.0,0,0,0,0,2,0,0,1,183.0,0.6267123287671232,0,1
704,1EY0A,1EY0,A,K,70.0,G,-0.6,7.0,20.0,70.0,3.5,-1.0,-108.5,-2.3000000000000007,-2.0,0,0,1,0,2,0,0,1,183.0,0.6267123287671232,0,1
705,1EY0A,1EY0,A,K,70.0,Q,-0.25,7.0,20.0,70.0,0.3999999999999999,-1.0,-24.799999999999983,-0.8000000000000007,1.0,0,0,0,0,2,0,0,1,183.0,0.6267123287671232,0,1
706,1EY0A,1EY0,A,K,70.0,W,-0.4,7.0,20.0,70.0,3.0,-1.0,59.20000000000002,-5.9,-3.0,0,0,0,0,2,0,0,1,183.0,0.6267123287671232,0,1
707,1EY0A,1EY0,A,K,71.0,A,-0.55,7.0,20.0,71.0,5.7,-1.0,-80.0,-3.200000000000001,-1.0,0,0,0,0,2,0,0,1,135.0,0.4623287671232877,0,1
708,1EY0A,1EY0,A,K,71.0,F,0.04,7.0,20.0,71.0,6.699999999999999,-1.0,21.30000000000001,-6.1000000000000005,-3.0,0,0,0,0,2,0,0,1,135.0,0.4623287671232877,0,1
709,1EY0A,1EY0,A,K,71.0,G,-1.31,7.0,20.0,71.0,3.5,-1.0,-108.5,-2.3000000000000007,-2.0,0,0,1,0,2,0,0,1,135.0,0.4623287671232877,0,1
710,1EY0A,1EY0,A,K,78.0,A,-0.5,7.0,20.0,78.0,5.7,-1.0,-80.0,-3.200000000000001,-1.0,0,0,0,0,2,0,0,1,140.0,0.4794520547945205,0,1
711,1EY0A,1EY0,A,K,78.0,C,-0.26,7.0,20.0,78.0,6.4,-1.0,-60.099999999999994,-5.800000000000001,-3.0,0,0,0,0,2,0,0,1,140.0,0.4794520547945205,0,1
712,1EY0A,1EY0,A,K,78.0,E,-0.69,7.0,20.0,78.0,0.3999999999999999,-2.0,-30.19999999999999,1.0,1.0,0,0,0,0,2,0,0,1,140.0,0.4794520547945205,0,1
713,1EY0A,1EY0,A,K,78.0,F,0.05,7.0,20.0,78.0,6.699999999999999,-1.0,21.30000000000001,-6.1000000000000005,-3.0,0,0,0,0,2,0,0,1,140.0,0.4794520547945205,0,1
714,1EY0A,1EY0,A,K,78.0,G,-1.07,7.0,20.0,78.0,3.5,-1.0,-108.5,-2.3000000000000007,-2.0,0,0,1,0,2,0,0,1,140.0,0.4794520547945205,0,1
715,1EY0A,1EY0,A,K,78.0,Q,-0.15,7.0,20.0,78.0,0.3999999999999999,-1.0,-24.799999999999983,-0.8000000000000007,1.0,0,0,0,0,2,0,0,1,140.0,0.4794520547945205,0,1
716,1EY0A,1EY0,A,K,84.0,A,0.1,7.0,20.0,84.0,5.7,-1.0,-80.0,-3.200000000000001,-1.0,0,0,0,0,2,0,0,1,169.0,0.5787671232876712,0,1
717,1EY0A,1EY0,A,K,84.0,E,0.0,7.0,20.0,84.0,0.3999999999999999,-2.0,-30.19999999999999,1.0,1.0,0,0,0,0,2,0,0,1,169.0,0.5787671232876712,0,1
718,1EY0A,1EY0,A,K,84.0,F,-0.75,7.0,20.0,84.0,6.699999999999999,-1.0,21.30000000000001,-6.1000000000000005,-3.0,0,0,0,0,2,0,0,1,169.0,0.5787671232876712,0,1
719,1EY0A,1EY0,A,K,84.0,G,-0.39,7.0,20.0,84.0,3.5,-1.0,-108.5,-2.3000000000000007,-2.0,0,0,1,0,2,0,0,1,169.0,0.5787671232876712,0,1
720,1EY0A,1EY0,A,K,84.0,Q,-0.15,7.0,20.0,84.0,0.3999999999999999,-1.0,-24.799999999999983,-0.8000000000000007,1.0,0,0,0,0,2,0,0,1,169.0,0.5787671232876712,0,1
721,1EY0A,1EY0,A,K,97.0,A,-0.22,7.0,20.0,97.0,5.7,-1.0,-80.0,-3.200000000000001,-1.0,0,0,0,0,0,0,1,0,137.0,0.4691780821917808,0,1
722,1EY0A,1EY0,A,K,97.0,E,-0.47,7.0,20.0,97.0,0.3999999999999999,-2.0,-30.19999999999999,1.0,1.0,0,0,0,0,0,0,1,0,137.0,0.4691780821917808,0,1
723,1EY0A,1EY0,A,K,97.0,F,-0.58,7.0,20.0,97.0,6.699999999999999,-1.0,21.30000000000001,-6.1000000000000005,-3.0,0,0,0,0,0,0,1,0,137.0,0.4691780821917808,0,1
724,1EY0A,1EY0,A,K,97.0,G,-1.85,7.0,20.0,97.0,3.5,-1.0,-108.5,-2.3000000000000007,-2.0,0,0,1,0,0,0,1,0,137.0,0.4691780821917808,0,1
725,1EY0A,1EY0,A,K,97.0,Q,-0.3,7.0,20.0,97.0,0.3999999999999999,-1.0,-24.799999999999983,-0.8000000000000007,1.0,0,0,0,0,0,0,1,0,137.0,0.4691780821917808,0,1
726,1EY0A,1EY0,A,K,110.0,A,-1.13,7.0,20.0,110.0,5.7,-1.0,-80.0,-3.200000000000001,-1.0,0,0,0,0,0,0,1,0,101.0,0.3458904109589041,0,1
727,1EY0A,1EY0,A,K,110.0,G,-2.59,7.0,20.0,110.0,3.5,-1.0,-108.5,-2.3000000000000007,-2.0,0,0,1,0,0,0,1,0,101.0,0.3458904109589041,0,1
728,1EY0A,1EY0,A,K,116.0,A,0.69,7.0,20.0,116.0,5.7,-1.0,-80.0,-3.200000000000001,-1.0,0,0,0,0,2,0,0,1,163.0,0.5582191780821918,0,1
729,1EY0A,1EY0,A,K,116.0,F,0.21,7.0,20.0,116.0,6.699999999999999,-1.0,21.30000000000001,-6.1000000000000005,-3.0,0,0,0,0,2,0,0,1,163.0,0.5582191780821918,0,1
730,1EY0A,1EY0,A,K,116.0,G,1.05,7.0,20.0,116.0,3.5,-1.0,-108.5,-2.3000000000000007,-2.0,0,0,1,0,2,0,0,1,163.0,0.5582191780821918,0,1
731,1EY0A,1EY0,A,K,127.0,A,0.24,7.0,20.0,127.0,5.7,-1.0,-80.0,-3.200000000000001,-1.0,0,0,0,0,1,1,0,0,133.0,0.4554794520547945,0,1
732,1EY0A,1EY0,A,K,127.0,E,0.13,7.0,20.0,127.0,0.3999999999999999,-2.0,-30.19999999999999,1.0,1.0,0,0,0,0,1,1,0,0,133.0,0.4554794520547945,0,1
733,1EY0A,1EY0,A,K,127.0,F,-0.22,7.0,20.0,127.0,6.699999999999999,-1.0,21.30000000000001,-6.1000000000000005,-3.0,0,0,0,0,1,1,0,0,133.0,0.4554794520547945,0,1
734,1EY0A,1EY0,A,K,127.0,G,-0.79,7.0,20.0,127.0,3.5,-1.0,-108.5,-2.3000000000000007,-2.0,0,0,1,0,1,1,0,0,133.0,0.4554794520547945,0,1
735,1EY0A,1EY0,A,K,127.0,Q,0.06,7.0,20.0,127.0,0.3999999999999999,-1.0,-24.799999999999983,-0.8000000000000007,1.0,0,0,0,0,1,1,0,0,133.0,0.4554794520547945,0,1
736,1EY0A,1EY0,A,K,133.0,A,-1.32,7.0,20.0,133.0,5.7,-1.0,-80.0,-3.200000000000001,-1.0,0,0,0,0,1,1,0,0,98.0,0.3356164383561644,0,1
737,1EY0A,1EY0,A,K,133.0,F,-1.26,7.0,20.0,133.0,6.699999999999999,-1.0,21.30000000000001,-6.1000000000000005,-3.0,0,0,0,0,1,1,0,0,98.0,0.3356164383561644,0,1
738,1EY0A,1EY0,A,K,133.0,G,-3.22,7.0,20.0,133.0,3.5,-1.0,-108.5,-2.3000000000000007,-2.0,0,0,1,0,1,1,0,0,98.0,0.3356164383561644,0,1
739,1EY0A,1EY0,A,K,133.0,Q,-0.44,7.0,20.0,133.0,0.3999999999999999,-1.0,-24.799999999999983,-0.8000000000000007,1.0,0,0,0,0,1,1,0,0,98.0,0.3356164383561644,0,1
740,1EY0A,1EY0,A,K,134.0,A,0.12,7.0,20.0,134.0,5.7,-1.0,-80.0,-3.200000000000001,-1.0,0,0,0,0,1,1,0,0,146.0,0.5,0,1
741,1EY0A,1EY0,A,K,134.0,C,-0.7,7.0,20.0,134.0,6.4,-1.0,-60.099999999999994,-5.800000000000001,-3.0,0,0,0,0,1,1,0,0,146.0,0.5,0,1
742,1EY0A,1EY0,A,K,134.0,F,-0.26,7.0,20.0,134.0,6.699999999999999,-1.0,21.30000000000001,-6.1000000000000005,-3.0,0,0,0,0,1,1,0,0,146.0,0.5,0,1
743,1EY0A,1EY0,A,K,134.0,G,-0.79,7.0,20.0,134.0,3.5,-1.0,-108.5,-2.3000000000000007,-2.0,0,0,1,0,1,1,0,0,146.0,0.5,0,1
744,1EY0A,1EY0,A,K,136.0,A,-0.75,7.0,20.0,136.0,5.7,-1.0,-80.0,-3.200000000000001,-1.0,0,0,0,0,2,0,0,1,148.0,0.5068493150684932,0,1
745,1EY0A,1EY0,A,K,136.0,F,-0.97,7.0,20.0,136.0,6.699999999999999,-1.0,21.30000000000001,-6.1000000000000005,-3.0,0,0,0,0,2,0,0,1,148.0,0.5068493150684932,0,1
746,1EY0A,1EY0,A,K,136.0,G,-0.02,7.0,20.0,136.0,3.5,-1.0,-108.5,-2.3000000000000007,-2.0,0,0,1,0,2,0,0,1,148.0,0.5068493150684932,0,1
747,1EY0A,1EY0,A,L,7.0,A,-1.35,7.0,20.0,7.0,-2.0,0.0,-78.1,3.1999999999999993,-1.0,0,0,0,0,2,0,0,1,41.0,0.1404109589041096,0,0
748,1EY0A,1EY0,A,L,7.0,G,-1.26,7.0,20.0,7.0,-4.2,0.0,-106.6,4.1,-4.0,0,0,1,0,2,0,0,1,41.0,0.1404109589041096,0,0
749,1EY0A,1EY0,A,L,7.0,I,-0.77,7.0,20.0,7.0,0.7000000000000002,0.0,0.0,0.2999999999999998,2.0,0,0,0,0,2,0,0,1,41.0,0.1404109589041096,0,0
750,1EY0A,1EY0,A,L,7.0,V,-1.15,7.0,20.0,7.0,0.4000000000000003,0.0,-26.69999999999999,1.0,1.0,0,0,0,0,2,0,0,1,41.0,0.1404109589041096,0,0
751,1EY0A,1EY0,A,L,14.0,A,-2.38,7.0,20.0,14.0,-2.0,0.0,-78.1,3.1999999999999993,-1.0,0,0,0,0,0,0,1,0,41.0,0.1404109589041096,0,0
752,1EY0A,1EY0,A,L,14.0,G,-3.84,7.0,20.0,14.0,-4.2,0.0,-106.6,4.1,-4.0,0,0,1,0,0,0,1,0,41.0,0.1404109589041096,0,0
753,1EY0A,1EY0,A,L,14.0,I,-1.6,7.0,20.0,14.0,0.7000000000000002,0.0,0.0,0.2999999999999998,2.0,0,0,0,0,0,0,1,0,41.0,0.1404109589041096,0,0
754,1EY0A,1EY0,A,L,14.0,V,-1.63,7.0,20.0,14.0,0.4000000000000003,0.0,-26.69999999999999,1.0,1.0,0,0,0,0,0,0,1,0,41.0,0.1404109589041096,0,0
755,1EY0A,1EY0,A,L,25.0,A,-2.77,6.4,40.2,25.0,-2.0,0.0,-78.1,3.1999999999999993,-1.0,0,0,0,0,0,0,1,0,0.0,0.0,1,0
756,1EY0A,1EY0,A,L,25.0,G,-4.58,7.0,20.0,25.0,-4.2,0.0,-106.6,4.1,-4.0,0,0,1,0,0,0,1,0,0.0,0.0,1,0
757,1EY0A,1EY0,A,L,25.0,I,-1.83,7.0,20.0,25.0,0.7000000000000002,0.0,0.0,0.2999999999999998,2.0,0,0,0,0,0,0,1,0,0.0,0.0,1,0
758,1EY0A,1EY0,A,L,25.0,V,-1.85,7.0,20.0,25.0,0.4000000000000003,0.0,-26.69999999999999,1.0,1.0,0,0,0,0,0,0,1,0,0.0,0.0,1,0
759,1EY0A,1EY0,A,L,36.0,A,-3.66,7.0,20.0,36.0,-2.0,0.0,-78.1,3.1999999999999993,-1.0,0,0,0,0,0,0,1,0,1.0,0.0034246575342465,1,0
760,1EY0A,1EY0,A,L,36.0,I,-3.09,7.0,20.0,36.0,0.7000000000000002,0.0,0.0,0.2999999999999998,2.0,0,0,0,0,0,0,1,0,1.0,0.0034246575342465,1,0
761,1EY0A,1EY0,A,L,36.0,V,-3.58,7.0,20.0,36.0,0.4000000000000003,0.0,-26.69999999999999,1.0,1.0,0,0,0,0,0,0,1,0,1.0,0.0034246575342465,1,0
762,1EY0A,1EY0,A,L,37.0,A,-1.51,7.0,20.0,37.0,-2.0,0.0,-78.1,3.1999999999999993,-1.0,0,0,0,0,2,0,0,1,14.0,0.047945205479452,1,0
763,1EY0A,1EY0,A,L,37.0,G,-3.79,7.0,20.0,37.0,-4.2,0.0,-106.6,4.1,-4.0,0,0,1,0,2,0,0,1,14.0,0.047945205479452,1,0
764,1EY0A,1EY0,A,L,37.0,I,-1.82,7.0,20.0,37.0,0.7000000000000002,0.0,0.0,0.2999999999999998,2.0,0,0,0,0,2,0,0,1,14.0,0.047945205479452,1,0
765,1EY0A,1EY0,A,L,37.0,V,-2.78,7.0,20.0,37.0,0.4000000000000003,0.0,-26.69999999999999,1.0,1.0,0,0,0,0,2,0,0,1,14.0,0.047945205479452,1,0
766,1EY0A,1EY0,A,L,38.0,A,-1.51,7.0,20.0,38.0,-2.0,0.0,-78.1,3.1999999999999993,-1.0,0,0,0,0,2,0,0,1,11.0,0.0376712328767123,1,0
767,1EY0A,1EY0,A,L,38.0,G,-0.28,7.0,20.0,38.0,-4.2,0.0,-106.6,4.1,-4.0,0,0,1,0,2,0,0,1,11.0,0.0376712328767123,1,0
768,1EY0A,1EY0,A,L,38.0,I,-2.06,7.0,20.0,38.0,0.7000000000000002,0.0,0.0,0.2999999999999998,2.0,0,0,0,0,2,0,0,1,11.0,0.0376712328767123,1,0
769,1EY0A,1EY0,A,L,38.0,V,-0.14,7.0,20.0,38.0,0.4000000000000003,0.0,-26.69999999999999,1.0,1.0,0,0,0,0,2,0,0,1,11.0,0.0376712328767123,1,0
770,1EY0A,1EY0,A,L,89.0,A,-2.6,7.0,20.0,89.0,-2.0,0.0,-78.1,3.1999999999999993,-1.0,0,0,0,0,0,0,1,0,27.0,0.0924657534246575,1,0
771,1EY0A,1EY0,A,L,89.0,F,-1.2,5.4,40.0,89.0,-1.0,0.0,23.200000000000017,0.2999999999999998,0.0,0,0,0,0,0,0,1,0,27.0,0.0924657534246575,1,0
772,1EY0A,1EY0,A,L,89.0,G,-3.18,7.0,20.0,89.0,-4.2,0.0,-106.6,4.1,-4.0,0,0,1,0,0,0,1,0,27.0,0.0924657534246575,1,0
773,1EY0A,1EY0,A,L,89.0,I,-1.04,7.0,20.0,89.0,0.7000000000000002,0.0,0.0,0.2999999999999998,2.0,0,0,0,0,0,0,1,0,27.0,0.0924657534246575,1,0
774,1EY0A,1EY0,A,L,89.0,V,-1.42,7.0,20.0,89.0,0.4000000000000003,0.0,-26.69999999999999,1.0,1.0,0,0,0,0,0,0,1,0,27.0,0.0924657534246575,1,0
775,1EY0A,1EY0,A,L,103.0,A,-4.6,7.0,20.0,103.0,-2.0,0.0,-78.1,3.1999999999999993,-1.0,0,0,0,0,1,1,0,0,0.0,0.0,1,0
776,1EY0A,1EY0,A,L,103.0,I,-1.11,7.0,20.0,103.0,0.7000000000000002,0.0,0.0,0.2999999999999998,2.0,0,0,0,0,1,1,0,0,0.0,0.0,1,0
777,1EY0A,1EY0,A,L,103.0,V,-2.05,7.0,20.0,103.0,0.4000000000000003,0.0,-26.69999999999999,1.0,1.0,0,0,0,0,1,1,0,0,0.0,0.0,1,0
778,1EY0A,1EY0,A,L,108.0,I,-3.34,7.0,20.0,108.0,0.7000000000000002,0.0,0.0,0.2999999999999998,2.0,0,0,0,0,2,0,0,1,8.0,0.0273972602739726,1,0
779,1EY0A,1EY0,A,L,108.0,V,-3.81,7.0,20.0,108.0,0.4000000000000003,0.0,-26.69999999999999,1.0,1.0,0,0,0,0,2,0,0,1,8.0,0.0273972602739726,1,0
780,1EY0A,1EY0,A,L,125.0,A,-4.78,7.0,20.0,125.0,-2.0,0.0,-78.1,3.1999999999999993,-1.0,0,0,0,0,1,1,0,0,0.0,0.0,1,0
781,1EY0A,1EY0,A,L,125.0,I,-0.96,7.0,20.0,125.0,0.7000000000000002,0.0,0.0,0.2999999999999998,2.0,0,0,0,0,1,1,0,0,0.0,0.0,1,0
782,1EY0A,1EY0,A,L,125.0,V,-2.3,7.0,20.0,125.0,0.4000000000000003,0.0,-26.69999999999999,1.0,1.0,0,0,0,0,1,1,0,0,0.0,0.0,1,0
783,1EY0A,1EY0,A,L,137.0,A,-2.18,7.0,20.0,137.0,-2.0,0.0,-78.1,3.1999999999999993,-1.0,0,0,0,0,2,0,0,1,46.0,0.1575342465753424,0,0
784,1EY0A,1EY0,A,L,137.0,G,-4.43,7.0,20.0,137.0,-4.2,0.0,-106.6,4.1,-4.0,0,0,1,0,2,0,0,1,46.0,0.1575342465753424,0,0
785,1EY0A,1EY0,A,L,137.0,I,-0.76,7.0,20.0,137.0,0.7000000000000002,0.0,0.0,0.2999999999999998,2.0,0,0,0,0,2,0,0,1,46.0,0.1575342465753424,0,0
786,1EY0A,1EY0,A,L,137.0,V,-1.42,7.0,20.0,137.0,0.4000000000000003,0.0,-26.69999999999999,1.0,1.0,0,0,0,0,2,0,0,1,46.0,0.1575342465753424,0,0
787,1EY0A,1EY0,A,M,26.0,A,-1.61,7.0,20.0,26.0,-0.0999999999999998,0.0,-74.30000000000001,2.3999999999999995,-1.0,0,0,0,0,0,0,1,0,66.0,0.2260273972602739,0,0
788,1EY0A,1EY0,A,M,26.0,G,-1.95,6.2,22.5,26.0,-2.3,0.0,-102.8,3.3,-3.0,0,0,1,0,0,0,1,0,66.0,0.2260273972602739,0,0
789,1EY0A,1EY0,A,M,26.0,I,-0.84,7.0,20.0,26.0,2.6,0.0,3.799999999999983,-0.5,1.0,0,0,0,0,0,0,1,0,66.0,0.2260273972602739,0,0
790,1EY0A,1EY0,A,M,26.0,L,-0.31,7.0,20.0,26.0,1.9,0.0,3.799999999999983,-0.7999999999999998,2.0,0,0,0,0,0,0,1,0,66.0,0.2260273972602739,0,0
791,1EY0A,1EY0,A,M,32.0,A,-1.81,7.0,20.0,32.0,-0.0999999999999998,0.0,-74.30000000000001,2.3999999999999995,-1.0,0,0,0,0,0,0,1,0,45.0,0.1541095890410959,0,0
792,1EY0A,1EY0,A,M,32.0,G,-2.54,7.0,20.0,32.0,-2.3,0.0,-102.8,3.3,-3.0,0,0,1,0,0,0,1,0,45.0,0.1541095890410959,0,0
793,1EY0A,1EY0,A,M,32.0,I,-0.56,7.0,20.0,32.0,2.6,0.0,3.799999999999983,-0.5,1.0,0,0,0,0,0,0,1,0,45.0,0.1541095890410959,0,0
794,1EY0A,1EY0,A,M,32.0,L,-0.76,7.0,20.0,32.0,1.9,0.0,3.799999999999983,-0.7999999999999998,2.0,0,0,0,0,0,0,1,0,45.0,0.1541095890410959,0,0
795,1EY0A,1EY0,A,M,65.0,A,-2.06,7.0,20.0,65.0,-0.0999999999999998,0.0,-74.30000000000001,2.3999999999999995,-1.0,0,0,0,0,1,1,0,0,36.0,0.1232876712328767,0,0
796,1EY0A,1EY0,A,M,65.0,F,-1.62,7.0,20.0,65.0,0.8999999999999999,0.0,27.0,-0.5,0.0,0,0,0,0,1,1,0,0,36.0,0.1232876712328767,0,0
797,1EY0A,1EY0,A,M,65.0,G,-4.66,7.0,20.0,65.0,-2.3,0.0,-102.8,3.3,-3.0,0,0,1,0,1,1,0,0,36.0,0.1232876712328767,0,0
798,1EY0A,1EY0,A,M,65.0,I,-1.43,7.0,20.0,65.0,2.6,0.0,3.799999999999983,-0.5,1.0,0,0,0,0,1,1,0,0,36.0,0.1232876712328767,0,0
799,1EY0A,1EY0,A,M,65.0,L,-0.73,7.0,20.0,65.0,1.9,0.0,3.799999999999983,-0.7999999999999998,2.0,0,0,0,0,1,1,0,0,36.0,0.1232876712328767,0,0
800,1EY0A,1EY0,A,M,98.0,A,-4.43,7.0,20.0,98.0,-0.0999999999999998,0.0,-74.30000000000001,2.3999999999999995,-1.0,0,0,0,0,0,0,1,0,17.0,0.0582191780821917,1,0
801,1EY0A,1EY0,A,M,98.0,G,-4.44,7.0,20.0,98.0,-2.3,0.0,-102.8,3.3,-3.0,0,0,1,0,0,0,1,0,17.0,0.0582191780821917,1,0
802,1EY0A,1EY0,A,M,98.0,I,-4.39,7.0,20.0,98.0,2.6,0.0,3.799999999999983,-0.5,1.0,0,0,0,0,0,0,1,0,17.0,0.0582191780821917,1,0
803,1EY0A,1EY0,A,M,98.0,L,-2.3,7.0,20.0,98.0,1.9,0.0,3.799999999999983,-0.7999999999999998,2.0,0,0,0,0,0,0,1,0,17.0,0.0582191780821917,1,0
804,1EY0A,1EY0,A,N,68.0,A,-0.38,7.0,20.0,68.0,5.3,0.0,-25.5,-3.5,-2.0,0,0,0,0,2,0,0,1,125.0,0.4280821917808219,0,1
805,1EY0A,1EY0,A,N,68.0,G,-0.35,7.0,20.0,68.0,3.1,0.0,-53.99999999999999,-2.5999999999999996,0.0,0,0,1,0,2,0,0,1,125.0,0.4280821917808219,0,1
806,1EY0A,1EY0,A,N,100.0,G,-4.98,7.0,20.0,100.0,3.1,0.0,-53.99999999999999,-2.5999999999999996,0.0,0,0,1,0,1,1,0,0,0.0,0.0,1,0
807,1EY0A,1EY0,A,N,118.0,A,-1.88,7.0,20.0,118.0,5.3,0.0,-25.5,-3.5,-2.0,0,0,0,0,0,0,1,0,8.0,0.0273972602739726,1,0
808,1EY0A,1EY0,A,N,118.0,D,-2.34,7.0,20.0,118.0,0.0,-1.0,-3.0,1.4000000000000004,1.0,0,0,0,0,0,0,1,0,8.0,0.0273972602739726,1,0
809,1EY0A,1EY0,A,N,118.0,G,-1.61,7.0,20.0,118.0,3.1,0.0,-53.99999999999999,-2.5999999999999996,0.0,0,0,1,0,0,0,1,0,8.0,0.0273972602739726,1,0
810,1EY0A,1EY0,A,N,119.0,A,-1.03,7.0,20.0,119.0,5.3,0.0,-25.5,-3.5,-2.0,0,0,0,0,2,0,0,1,16.0,0.0547945205479452,1,0
811,1EY0A,1EY0,A,N,119.0,G,-0.97,7.0,20.0,119.0,3.1,0.0,-53.99999999999999,-2.5999999999999996,0.0,0,0,1,0,2,0,0,1,16.0,0.0547945205479452,1,0
812,1EY0A,1EY0,A,N,138.0,A,-0.97,7.0,20.0,138.0,5.3,0.0,-25.5,-3.5,-2.0,0,0,0,0,1,1,0,0,51.0,0.1746575342465753,0,0
813,1EY0A,1EY0,A,N,138.0,G,0.59,7.0,20.0,138.0,3.1,0.0,-53.99999999999999,-2.5999999999999996,0.0,0,0,1,0,1,1,0,0,51.0,0.1746575342465753,0,0
814,1EY0A,1EY0,A,Q,30.0,A,-0.25,7.0,20.0,30.0,5.3,0.0,-55.20000000000002,-2.4000000000000004,-1.0,0,0,0,0,0,0,1,0,123.0,0.4212328767123288,0,1
815,1EY0A,1EY0,A,Q,30.0,G,-0.93,7.0,20.0,30.0,3.1,0.0,-83.70000000000002,-1.5,-2.0,0,0,1,0,0,0,1,0,123.0,0.4212328767123288,0,1
816,1EY0A,1EY0,A,Q,80.0,A,-0.02,7.0,20.0,80.0,5.3,0.0,-55.20000000000002,-2.4000000000000004,-1.0,0,0,0,0,2,0,0,1,133.0,0.4554794520547945,0,1
817,1EY0A,1EY0,A,Q,80.0,F,-0.58,7.0,20.0,80.0,6.3,0.0,46.099999999999994,-5.3,-3.0,0,0,0,0,2,0,0,1,133.0,0.4554794520547945,0,1
818,1EY0A,1EY0,A,Q,80.0,G,-1.25,7.0,20.0,80.0,3.1,0.0,-83.70000000000002,-1.5,-2.0,0,0,1,0,2,0,0,1,133.0,0.4554794520547945,0,1
819,1EY0A,1EY0,A,Q,106.0,A,0.25,7.0,20.0,106.0,5.3,0.0,-55.20000000000002,-2.4000000000000004,-1.0,0,0,0,0,2,0,0,1,79.0,0.2705479452054795,0,0
820,1EY0A,1EY0,A,Q,106.0,G,-1.5,7.0,20.0,106.0,3.1,0.0,-83.70000000000002,-1.5,-2.0,0,0,1,0,2,0,0,1,79.0,0.2705479452054795,0,0
821,1EY0A,1EY0,A,Q,123.0,A,-0.1,7.0,20.0,123.0,5.3,0.0,-55.20000000000002,-2.4000000000000004,-1.0,0,0,0,0,1,1,0,0,127.0,0.4349315068493151,0,1
822,1EY0A,1EY0,A,Q,123.0,F,-0.51,7.0,20.0,123.0,6.3,0.0,46.099999999999994,-5.3,-3.0,0,0,0,0,1,1,0,0,127.0,0.4349315068493151,0,1
823,1EY0A,1EY0,A,Q,123.0,G,-0.44,7.0,20.0,123.0,3.1,0.0,-83.70000000000002,-1.5,-2.0,0,0,1,0,1,1,0,0,127.0,0.4349315068493151,0,1
824,1EY0A,1EY0,A,Q,131.0,A,-0.1,7.0,20.0,131.0,5.3,0.0,-55.20000000000002,-2.4000000000000004,-1.0,0,0,0,0,1,1,0,0,71.0,0.2431506849315068,0,0
825,1EY0A,1EY0,A,Q,131.0,F,-0.55,7.0,20.0,131.0,6.3,0.0,46.099999999999994,-5.3,-3.0,0,0,0,0,1,1,0,0,71.0,0.2431506849315068,0,0
826,1EY0A,1EY0,A,Q,131.0,G,-2.26,7.0,20.0,131.0,3.1,0.0,-83.70000000000002,-1.5,-2.0,0,0,1,0,1,1,0,0,71.0,0.2431506849315068,0,0
827,1EY0A,1EY0,A,R,35.0,A,-1.38,7.0,20.0,35.0,6.3,-1.0,-84.80000000000001,-2.4000000000000004,-1.0,0,0,0,0,0,0,1,0,33.0,0.1130136986301369,0,0
828,1EY0A,1EY0,A,R,35.0,G,-2.26,7.0,20.0,35.0,4.1,-1.0,-113.3,-1.5,-2.0,0,0,1,0,0,0,1,0,33.0,0.1130136986301369,0,0
829,1EY0A,1EY0,A,R,81.0,A,-1.1,7.0,20.0,81.0,6.3,-1.0,-84.80000000000001,-2.4000000000000004,-1.0,0,0,0,0,2,0,0,1,141.0,0.4828767123287671,0,1
830,1EY0A,1EY0,A,R,81.0,G,-2.06,7.0,20.0,81.0,4.1,-1.0,-113.3,-1.5,-2.0,0,0,1,0,2,0,0,1,141.0,0.4828767123287671,0,1
831,1EY0A,1EY0,A,R,87.0,A,-0.79,7.0,20.0,87.0,6.3,-1.0,-84.80000000000001,-2.4000000000000004,-1.0,0,0,0,0,2,0,0,1,61.0,0.2089041095890411,0,0
832,1EY0A,1EY0,A,R,87.0,G,-2.53,7.0,20.0,87.0,4.1,-1.0,-113.3,-1.5,-2.0,0,0,1,0,2,0,0,1,61.0,0.2089041095890411,0,0
833,1EY0A,1EY0,A,R,105.0,A,-1.32,7.0,20.0,105.0,6.3,-1.0,-84.80000000000001,-2.4000000000000004,-1.0,0,0,0,0,1,1,0,0,70.0,0.2397260273972602,0,0
834,1EY0A,1EY0,A,R,105.0,C,-2.55,7.0,20.0,105.0,7.0,-1.0,-64.9,-5.0,-3.0,0,0,0,0,1,1,0,0,70.0,0.2397260273972602,0,0
835,1EY0A,1EY0,A,R,105.0,F,-2.84,7.0,20.0,105.0,7.3,-1.0,16.5,-5.3,-3.0,0,0,0,0,1,1,0,0,70.0,0.2397260273972602,0,0
836,1EY0A,1EY0,A,R,105.0,G,-2.4,7.0,20.0,105.0,4.1,-1.0,-113.3,-1.5,-2.0,0,0,1,0,1,1,0,0,70.0,0.2397260273972602,0,0
837,1EY0A,1EY0,A,R,126.0,A,-1.64,7.0,20.0,126.0,6.3,-1.0,-84.80000000000001,-2.4000000000000004,-1.0,0,0,0,0,1,1,0,0,95.0,0.3253424657534247,0,1
838,1EY0A,1EY0,A,R,126.0,G,-2.86,7.0,20.0,126.0,4.1,-1.0,-113.3,-1.5,-2.0,0,0,1,0,1,1,0,0,95.0,0.3253424657534247,0,1
839,1EY0A,1EY0,A,S,59.0,A,0.62,7.0,20.0,59.0,2.6,0.0,-0.4000000000000057,-1.0999999999999996,1.0,0,0,0,0,1,1,0,0,26.0,0.0890410958904109,1,0
840,1EY0A,1EY0,A,S,59.0,F,0.56,7.0,20.0,59.0,3.5999999999999996,0.0,100.9,-3.999999999999999,-2.0,0,0,0,0,1,1,0,0,26.0,0.0890410958904109,1,0
841,1EY0A,1EY0,A,S,59.0,G,-1.03,7.0,20.0,59.0,0.4,0.0,-28.9,-0.1999999999999993,0.0,0,0,1,0,1,1,0,0,26.0,0.0890410958904109,1,0
842,1EY0A,1EY0,A,S,128.0,A,0.83,7.0,20.0,128.0,2.6,0.0,-0.4000000000000057,-1.0999999999999996,1.0,0,0,0,0,1,1,0,0,10.0,0.0342465753424657,1,0
843,1EY0A,1EY0,A,S,128.0,F,-1.0,7.0,20.0,128.0,3.5999999999999996,0.0,100.9,-3.999999999999999,-2.0,0,0,0,0,1,1,0,0,10.0,0.0342465753424657,1,0
844,1EY0A,1EY0,A,S,128.0,G,-1.52,7.0,20.0,128.0,0.4,0.0,-28.9,-0.1999999999999993,0.0,0,0,1,0,1,1,0,0,10.0,0.0342465753424657,1,0
845,1EY0A,1EY0,A,S,141.0,A,-0.27,7.0,31.4,141.0,2.6,0.0,-0.4000000000000057,-1.0999999999999996,1.0,0,0,0,0,2,0,0,1,102.0,0.3493150684931507,0,1
846,1EY0A,1EY0,A,S,141.0,G,-0.82,7.0,20.0,141.0,0.4,0.0,-28.9,-0.1999999999999993,0.0,0,0,1,0,2,0,0,1,102.0,0.3493150684931507,0,1
847,1EY0A,1EY0,A,T,13.0,A,-0.73,7.0,20.0,13.0,2.5,0.0,-27.5,-0.5,0.0,0,0,0,0,0,0,1,0,95.0,0.3253424657534247,0,1
848,1EY0A,1EY0,A,T,13.0,C,-1.2,7.0,20.0,13.0,3.2,0.0,-7.599999999999994,-3.0999999999999996,-1.0,0,0,0,0,0,0,1,0,95.0,0.3253424657534247,0,1
849,1EY0A,1EY0,A,T,13.0,G,-1.16,7.0,20.0,13.0,0.2999999999999999,0.0,-55.99999999999999,0.4000000000000003,-2.0,0,0,1,0,0,0,1,0,95.0,0.3253424657534247,0,1
850,1EY0A,1EY0,A,T,13.0,I,-0.05,7.0,20.0,13.0,5.2,0.0,50.599999999999994,-3.3999999999999995,-1.0,0,0,0,0,0,0,1,0,95.0,0.3253424657534247,0,1
851,1EY0A,1EY0,A,T,13.0,S,-0.35,7.0,20.0,13.0,-0.1,0.0,-27.09999999999999,0.5999999999999996,1.0,0,0,0,0,0,0,1,0,95.0,0.3253424657534247,0,1
852,1EY0A,1EY0,A,T,13.0,V,-0.26,7.0,20.0,13.0,4.9,0.0,23.90000000000001,-2.6999999999999993,0.0,0,0,0,0,0,0,1,0,95.0,0.3253424657534247,0,1
853,1EY0A,1EY0,A,T,22.0,A,-1.69,7.0,20.0,22.0,2.5,0.0,-27.5,-0.5,0.0,0,0,0,0,0,0,1,0,9.0,0.0308219178082191,1,0
854,1EY0A,1EY0,A,T,22.0,C,-0.95,7.0,20.0,22.0,3.2,0.0,-7.599999999999994,-3.0999999999999996,-1.0,0,0,0,0,0,0,1,0,9.0,0.0308219178082191,1,0
855,1EY0A,1EY0,A,T,22.0,G,-2.54,7.0,20.0,22.0,0.2999999999999999,0.0,-55.99999999999999,0.4000000000000003,-2.0,0,0,1,0,0,0,1,0,9.0,0.0308219178082191,1,0
856,1EY0A,1EY0,A,T,22.0,I,-0.61,7.0,20.0,22.0,5.2,0.0,50.599999999999994,-3.3999999999999995,-1.0,0,0,0,0,0,0,1,0,9.0,0.0308219178082191,1,0
857,1EY0A,1EY0,A,T,22.0,S,-0.74,7.0,20.0,22.0,-0.1,0.0,-27.09999999999999,0.5999999999999996,1.0,0,0,0,0,0,0,1,0,9.0,0.0308219178082191,1,0
858,1EY0A,1EY0,A,T,22.0,V,-0.85,7.0,20.0,22.0,4.9,0.0,23.90000000000001,-2.6999999999999993,0.0,0,0,0,0,0,0,1,0,9.0,0.0308219178082191,1,0
859,1EY0A,1EY0,A,T,33.0,A,-1.52,7.0,20.0,33.0,2.5,0.0,-27.5,-0.5,0.0,0,0,0,0,0,0,1,0,38.0,0.1301369863013698,0,0
860,1EY0A,1EY0,A,T,33.0,C,-1.04,7.0,20.0,33.0,3.2,0.0,-7.599999999999994,-3.0999999999999996,-1.0,0,0,0,0,0,0,1,0,38.0,0.1301369863013698,0,0
861,1EY0A,1EY0,A,T,33.0,G,-2.62,7.0,20.0,33.0,0.2999999999999999,0.0,-55.99999999999999,0.4000000000000003,-2.0,0,0,1,0,0,0,1,0,38.0,0.1301369863013698,0,0
862,1EY0A,1EY0,A,T,33.0,I,0.73,7.0,20.0,33.0,5.2,0.0,50.599999999999994,-3.3999999999999995,-1.0,0,0,0,0,0,0,1,0,38.0,0.1301369863013698,0,0
863,1EY0A,1EY0,A,T,33.0,S,-1.35,7.0,20.0,33.0,-0.1,0.0,-27.09999999999999,0.5999999999999996,1.0,0,0,0,0,0,0,1,0,38.0,0.1301369863013698,0,0
864,1EY0A,1EY0,A,T,33.0,V,0.47,7.0,20.0,33.0,4.9,0.0,23.90000000000001,-2.6999999999999993,0.0,0,0,0,0,0,0,1,0,38.0,0.1301369863013698,0,0
865,1EY0A,1EY0,A,T,41.0,A,0.07,7.0,20.0,41.0,2.5,0.0,-27.5,-0.5,0.0,0,0,0,0,2,0,0,1,7.0,0.023972602739726,1,0
866,1EY0A,1EY0,A,T,41.0,C,0.74,7.0,20.0,41.0,3.2,0.0,-7.599999999999994,-3.0999999999999996,-1.0,0,0,0,0,2,0,0,1,7.0,0.023972602739726,1,0
867,1EY0A,1EY0,A,T,41.0,G,-1.79,7.0,20.0,41.0,0.2999999999999999,0.0,-55.99999999999999,0.4000000000000003,-2.0,0,0,1,0,2,0,0,1,7.0,0.023972602739726,1,0
868,1EY0A,1EY0,A,T,41.0,I,0.86,7.0,20.0,41.0,5.2,0.0,50.599999999999994,-3.3999999999999995,-1.0,0,0,0,0,2,0,0,1,7.0,0.023972602739726,1,0
869,1EY0A,1EY0,A,T,41.0,S,-0.88,7.0,20.0,41.0,-0.1,0.0,-27.09999999999999,0.5999999999999996,1.0,0,0,0,0,2,0,0,1,7.0,0.023972602739726,1,0
870,1EY0A,1EY0,A,T,41.0,V,0.9,7.0,20.0,41.0,4.9,0.0,23.90000000000001,-2.6999999999999993,0.0,0,0,0,0,2,0,0,1,7.0,0.023972602739726,1,0
871,1EY0A,1EY0,A,T,44.0,A,-0.23,7.0,20.0,44.0,2.5,0.0,-27.5,-0.5,0.0,0,0,0,0,2,0,0,1,38.0,0.1301369863013698,0,0
872,1EY0A,1EY0,A,T,44.0,C,-0.04,7.0,20.0,44.0,3.2,0.0,-7.599999999999994,-3.0999999999999996,-1.0,0,0,0,0,2,0,0,1,38.0,0.1301369863013698,0,0
873,1EY0A,1EY0,A,T,44.0,G,-0.37,7.0,20.0,44.0,0.2999999999999999,0.0,-55.99999999999999,0.4000000000000003,-2.0,0,0,1,0,2,0,0,1,38.0,0.1301369863013698,0,0
874,1EY0A,1EY0,A,T,44.0,I,-0.56,7.0,20.0,44.0,5.2,0.0,50.599999999999994,-3.3999999999999995,-1.0,0,0,0,0,2,0,0,1,38.0,0.1301369863013698,0,0
875,1EY0A,1EY0,A,T,44.0,S,0.04,7.0,20.0,44.0,-0.1,0.0,-27.09999999999999,0.5999999999999996,1.0,0,0,0,0,2,0,0,1,38.0,0.1301369863013698,0,0
876,1EY0A,1EY0,A,T,44.0,V,0.09,7.0,20.0,44.0,4.9,0.0,23.90000000000001,-2.6999999999999993,0.0,0,0,0,0,2,0,0,1,38.0,0.1301369863013698,0,0
877,1EY0A,1EY0,A,T,62.0,A,-2.23,7.0,20.0,62.0,2.5,0.0,-27.5,-0.5,0.0,0,0,0,0,1,1,0,0,1.0,0.0034246575342465,1,0
878,1EY0A,1EY0,A,T,62.0,C,-1.05,7.0,20.0,62.0,3.2,0.0,-7.599999999999994,-3.0999999999999996,-1.0,0,0,0,0,1,1,0,0,1.0,0.0034246575342465,1,0
879,1EY0A,1EY0,A,T,62.0,G,-3.52,7.0,20.0,62.0,0.2999999999999999,0.0,-55.99999999999999,0.4000000000000003,-2.0,0,0,1,0,1,1,0,0,1.0,0.0034246575342465,1,0
880,1EY0A,1EY0,A,T,62.0,I,-1.17,7.0,20.0,62.0,5.2,0.0,50.599999999999994,-3.3999999999999995,-1.0,0,0,0,0,1,1,0,0,1.0,0.0034246575342465,1,0
881,1EY0A,1EY0,A,T,62.0,S,-2.15,7.0,20.0,62.0,-0.1,0.0,-27.09999999999999,0.5999999999999996,1.0,0,0,0,0,1,1,0,0,1.0,0.0034246575342465,1,0
882,1EY0A,1EY0,A,T,62.0,V,0.1,7.0,20.0,62.0,4.9,0.0,23.90000000000001,-2.6999999999999993,0.0,0,0,0,0,1,1,0,0,1.0,0.0034246575342465,1,0
883,1EY0A,1EY0,A,T,82.0,A,-0.89,7.0,20.0,82.0,2.5,0.0,-27.5,-0.5,0.0,0,0,0,0,0,0,1,0,78.0,0.2671232876712329,0,0
884,1EY0A,1EY0,A,T,82.0,C,-0.19,7.0,20.0,82.0,3.2,0.0,-7.599999999999994,-3.0999999999999996,-1.0,0,0,0,0,0,0,1,0,78.0,0.2671232876712329,0,0
885,1EY0A,1EY0,A,T,82.0,G,-2.03,7.0,20.0,82.0,0.2999999999999999,0.0,-55.99999999999999,0.4000000000000003,-2.0,0,0,1,0,0,0,1,0,78.0,0.2671232876712329,0,0
886,1EY0A,1EY0,A,T,82.0,I,0.51,7.0,20.0,82.0,5.2,0.0,50.599999999999994,-3.3999999999999995,-1.0,0,0,0,0,0,0,1,0,78.0,0.2671232876712329,0,0
887,1EY0A,1EY0,A,T,82.0,S,-0.75,7.0,20.0,82.0,-0.1,0.0,-27.09999999999999,0.5999999999999996,1.0,0,0,0,0,0,0,1,0,78.0,0.2671232876712329,0,0
888,1EY0A,1EY0,A,T,82.0,V,0.24,7.0,20.0,82.0,4.9,0.0,23.90000000000001,-2.6999999999999993,0.0,0,0,0,0,0,0,1,0,78.0,0.2671232876712329,0,0
889,1EY0A,1EY0,A,T,120.0,A,-1.08,7.0,20.0,120.0,2.5,0.0,-27.5,-0.5,0.0,0,0,0,0,2,0,0,1,50.0,0.1712328767123287,0,0
890,1EY0A,1EY0,A,T,120.0,C,-1.59,7.0,20.0,120.0,3.2,0.0,-7.599999999999994,-3.0999999999999996,-1.0,0,0,0,0,2,0,0,1,50.0,0.1712328767123287,0,0
891,1EY0A,1EY0,A,T,120.0,G,-1.87,7.0,20.0,120.0,0.2999999999999999,0.0,-55.99999999999999,0.4000000000000003,-2.0,0,0,1,0,2,0,0,1,50.0,0.1712328767123287,0,0
892,1EY0A,1EY0,A,T,120.0,I,-1.54,7.0,20.0,120.0,5.2,0.0,50.599999999999994,-3.3999999999999995,-1.0,0,0,0,0,2,0,0,1,50.0,0.1712328767123287,0,0
893,1EY0A,1EY0,A,T,120.0,S,-0.57,7.0,20.0,120.0,-0.1,0.0,-27.09999999999999,0.5999999999999996,1.0,0,0,0,0,2,0,0,1,50.0,0.1712328767123287,0,0
894,1EY0A,1EY0,A,T,120.0,V,-1.63,7.0,20.0,120.0,4.9,0.0,23.90000000000001,-2.6999999999999993,0.0,0,0,0,0,2,0,0,1,50.0,0.1712328767123287,0,0
895,1EY0A,1EY0,A,V,23.0,A,-2.7,6.2,22.5,23.0,-2.4000000000000004,0.0,-51.400000000000006,2.1999999999999993,0.0,0,0,0,0,0,0,1,0,1.0,0.0034246575342465,1,0
896,1EY0A,1EY0,A,V,23.0,F,-1.93,6.2,29.2,23.0,-1.4000000000000004,0.0,49.900000000000006,-0.7000000000000002,-1.0,0,0,0,0,0,0,1,0,1.0,0.0034246575342465,1,0
897,1EY0A,1EY0,A,V,23.0,I,0.03,7.0,20.0,23.0,0.2999999999999998,0.0,26.69999999999999,-0.7000000000000002,3.0,0,0,0,0,0,0,1,0,1.0,0.0034246575342465,1,0
898,1EY0A,1EY0,A,V,23.0,L,-0.02,7.0,20.0,23.0,-0.4000000000000003,0.0,26.69999999999999,-1.0,1.0,0,0,0,0,0,0,1,0,1.0,0.0034246575342465,1,0
899,1EY0A,1EY0,A,V,23.0,S,-4.76,7.0,20.0,23.0,-5.0,0.0,-51.0,3.299999999999999,-2.0,0,0,0,0,0,0,1,0,1.0,0.0034246575342465,1,0
900,1EY0A,1EY0,A,V,23.0,T,-3.34,7.0,20.0,23.0,-4.9,0.0,-23.90000000000001,2.6999999999999993,0.0,0,0,0,0,0,0,1,0,1.0,0.0034246575342465,1,0
901,1EY0A,1EY0,A,V,39.0,A,-2.16,7.0,20.0,39.0,-2.4000000000000004,0.0,-51.400000000000006,2.1999999999999993,0.0,0,0,0,0,0,0,1,0,0.0,0.0,1,0
902,1EY0A,1EY0,A,V,39.0,G,-4.61,7.0,20.0,39.0,-4.6000000000000005,0.0,-79.9,3.0999999999999996,-3.0,0,0,1,0,0,0,1,0,0.0,0.0,1,0
903,1EY0A,1EY0,A,V,39.0,I,0.11,7.0,20.0,39.0,0.2999999999999998,0.0,26.69999999999999,-0.7000000000000002,3.0,0,0,0,0,0,0,1,0,0.0,0.0,1,0
904,1EY0A,1EY0,A,V,39.0,L,-0.9,7.0,20.0,39.0,-0.4000000000000003,0.0,26.69999999999999,-1.0,1.0,0,0,0,0,0,0,1,0,0.0,0.0,1,0
905,1EY0A,1EY0,A,V,39.0,S,-2.44,7.0,20.0,39.0,-5.0,0.0,-51.0,3.299999999999999,-2.0,0,0,0,0,0,0,1,0,0.0,0.0,1,0
906,1EY0A,1EY0,A,V,39.0,T,-1.55,7.0,20.0,39.0,-4.9,0.0,-23.90000000000001,2.6999999999999993,0.0,0,0,0,0,0,0,1,0,0.0,0.0,1,0
907,1EY0A,1EY0,A,V,51.0,A,-0.05,7.0,20.0,51.0,-2.4000000000000004,0.0,-51.400000000000006,2.1999999999999993,0.0,0,0,0,0,2,0,0,1,102.0,0.3493150684931507,0,1
908,1EY0A,1EY0,A,V,51.0,G,-0.17,7.0,20.0,51.0,-4.6000000000000005,0.0,-79.9,3.0999999999999996,-3.0,0,0,1,0,2,0,0,1,102.0,0.3493150684931507,0,1
909,1EY0A,1EY0,A,V,51.0,I,0.09,7.0,20.0,51.0,0.2999999999999998,0.0,26.69999999999999,-0.7000000000000002,3.0,0,0,0,0,2,0,0,1,102.0,0.3493150684931507,0,1
910,1EY0A,1EY0,A,V,51.0,L,-0.1,7.0,20.0,51.0,-0.4000000000000003,0.0,26.69999999999999,-1.0,1.0,0,0,0,0,2,0,0,1,102.0,0.3493150684931507,0,1
911,1EY0A,1EY0,A,V,51.0,S,0.01,7.0,20.0,51.0,-5.0,0.0,-51.0,3.299999999999999,-2.0,0,0,0,0,2,0,0,1,102.0,0.3493150684931507,0,1
912,1EY0A,1EY0,A,V,51.0,T,0.2,7.0,20.0,51.0,-4.9,0.0,-23.90000000000001,2.6999999999999993,0.0,0,0,0,0,2,0,0,1,102.0,0.3493150684931507,0,1
913,1EY0A,1EY0,A,V,66.0,A,-2.34,7.0,20.0,66.0,-2.4000000000000004,0.0,-51.400000000000006,2.1999999999999993,0.0,0,0,0,0,1,1,0,0,4.0,0.0136986301369863,1,0
914,1EY0A,1EY0,A,V,66.0,G,-4.49,7.0,20.0,66.0,-4.6000000000000005,0.0,-79.9,3.0999999999999996,-3.0,0,0,1,0,1,1,0,0,4.0,0.0136986301369863,1,0
915,1EY0A,1EY0,A,V,66.0,I,-0.76,7.0,20.0,66.0,0.2999999999999998,0.0,26.69999999999999,-0.7000000000000002,3.0,0,0,0,0,1,1,0,0,4.0,0.0136986301369863,1,0
916,1EY0A,1EY0,A,V,66.0,K,-4.83,9.2,20.0,66.0,-8.1,1.0,28.59999999999999,5.4,-2.0,0,0,0,0,1,1,0,0,4.0,0.0136986301369863,1,0
917,1EY0A,1EY0,A,V,66.0,L,0.37,6.8,28.9,66.0,-0.4000000000000003,0.0,26.69999999999999,-1.0,1.0,0,0,0,0,1,1,0,0,4.0,0.0136986301369863,1,0
918,1EY0A,1EY0,A,V,66.0,M,-0.14,8.2,20.0,66.0,-2.3000000000000003,0.0,22.90000000000001,-0.2000000000000001,1.0,0,0,0,0,1,1,0,0,4.0,0.0136986301369863,1,0
919,1EY0A,1EY0,A,V,66.0,S,-3.09,7.0,20.0,66.0,-5.0,0.0,-51.0,3.299999999999999,-2.0,0,0,0,0,1,1,0,0,4.0,0.0136986301369863,1,0
920,1EY0A,1EY0,A,V,66.0,T,-1.34,7.0,20.0,66.0,-4.9,0.0,-23.90000000000001,2.6999999999999993,0.0,0,0,0,0,1,1,0,0,4.0,0.0136986301369863,1,0
921,1EY0A,1EY0,A,V,66.0,W,-2.69,7.0,20.0,66.0,-5.1000000000000005,0.0,87.80000000000001,-0.5,-3.0,0,0,0,0,1,1,0,0,4.0,0.0136986301369863,1,0
922,1EY0A,1EY0,A,V,74.0,A,-3.23,7.0,20.0,74.0,-2.4000000000000004,0.0,-51.400000000000006,2.1999999999999993,0.0,0,0,0,0,0,0,1,0,0.0,0.0,1,0
923,1EY0A,1EY0,A,V,74.0,I,-1.91,7.0,20.0,74.0,0.2999999999999998,0.0,26.69999999999999,-0.7000000000000002,3.0,0,0,0,0,0,0,1,0,0.0,0.0,1,0
924,1EY0A,1EY0,A,V,74.0,L,-1.12,7.0,20.0,74.0,-0.4000000000000003,0.0,26.69999999999999,-1.0,1.0,0,0,0,0,0,0,1,0,0.0,0.0,1,0
925,1EY0A,1EY0,A,V,74.0,T,-3.88,7.0,20.0,74.0,-4.9,0.0,-23.90000000000001,2.6999999999999993,0.0,0,0,0,0,0,0,1,0,0.0,0.0,1,0
926,1EY0A,1EY0,A,V,99.0,A,-3.35,7.0,20.0,99.0,-2.4000000000000004,0.0,-51.400000000000006,2.1999999999999993,0.0,0,0,0,0,1,1,0,0,1.0,0.0034246575342465,1,0
927,1EY0A,1EY0,A,V,99.0,I,-0.14,7.0,20.0,99.0,0.2999999999999998,0.0,26.69999999999999,-0.7000000000000002,3.0,0,0,0,0,1,1,0,0,1.0,0.0034246575342465,1,0
928,1EY0A,1EY0,A,V,99.0,L,-0.15,7.0,20.0,99.0,-0.4000000000000003,0.0,26.69999999999999,-1.0,1.0,0,0,0,0,1,1,0,0,1.0,0.0034246575342465,1,0
929,1EY0A,1EY0,A,V,99.0,T,-3.36,7.0,20.0,99.0,-4.9,0.0,-23.90000000000001,2.6999999999999993,0.0,0,0,0,0,1,1,0,0,1.0,0.0034246575342465,1,0
930,1EY0A,1EY0,A,V,104.0,A,-2.82,7.0,20.0,104.0,-2.4000000000000004,0.0,-51.400000000000006,2.1999999999999993,0.0,0,0,0,0,1,1,0,0,0.0,0.0,1,0
931,1EY0A,1EY0,A,V,104.0,I,0.27,7.0,20.0,104.0,0.2999999999999998,0.0,26.69999999999999,-0.7000000000000002,3.0,0,0,0,0,1,1,0,0,0.0,0.0,1,0
932,1EY0A,1EY0,A,V,104.0,L,-0.76,7.0,20.0,104.0,-0.4000000000000003,0.0,26.69999999999999,-1.0,1.0,0,0,0,0,1,1,0,0,0.0,0.0,1,0
933,1EY0A,1EY0,A,V,104.0,S,-4.86,7.0,20.0,104.0,-5.0,0.0,-51.0,3.299999999999999,-2.0,0,0,0,0,1,1,0,0,0.0,0.0,1,0
934,1EY0A,1EY0,A,V,104.0,T,-2.45,7.0,20.0,104.0,-4.9,0.0,-23.90000000000001,2.6999999999999993,0.0,0,0,0,0,1,1,0,0,0.0,0.0,1,0
935,1EY0A,1EY0,A,V,111.0,A,-4.26,7.0,20.0,111.0,-2.4000000000000004,0.0,-51.400000000000006,2.1999999999999993,0.0,0,0,0,0,0,0,1,0,13.0,0.0445205479452054,1,0
936,1EY0A,1EY0,A,V,111.0,G,-4.82,7.0,20.0,111.0,-4.6000000000000005,0.0,-79.9,3.0999999999999996,-3.0,0,0,1,0,0,0,1,0,13.0,0.0445205479452054,1,0
937,1EY0A,1EY0,A,V,111.0,I,-0.74,7.0,20.0,111.0,0.2999999999999998,0.0,26.69999999999999,-0.7000000000000002,3.0,0,0,0,0,0,0,1,0,13.0,0.0445205479452054,1,0
938,1EY0A,1EY0,A,V,111.0,L,-0.88,7.0,20.0,111.0,-0.4000000000000003,0.0,26.69999999999999,-1.0,1.0,0,0,0,0,0,0,1,0,13.0,0.0445205479452054,1,0
939,1EY0A,1EY0,A,V,111.0,S,-4.71,7.0,20.0,111.0,-5.0,0.0,-51.0,3.299999999999999,-2.0,0,0,0,0,0,0,1,0,13.0,0.0445205479452054,1,0
940,1EY0A,1EY0,A,V,111.0,T,-2.36,7.0,20.0,111.0,-4.9,0.0,-23.90000000000001,2.6999999999999993,0.0,0,0,0,0,0,0,1,0,13.0,0.0445205479452054,1,0
941,1EY0A,1EY0,A,V,114.0,A,0.14,7.0,20.0,114.0,-2.4000000000000004,0.0,-51.400000000000006,2.1999999999999993,0.0,0,0,0,0,2,0,0,1,28.0,0.0958904109589041,1,0
942,1EY0A,1EY0,A,V,114.0,G,-0.03,7.0,20.0,114.0,-4.6000000000000005,0.0,-79.9,3.0999999999999996,-3.0,0,0,1,0,2,0,0,1,28.0,0.0958904109589041,1,0
943,1EY0A,1EY0,A,V,114.0,I,-0.15,7.0,20.0,114.0,0.2999999999999998,0.0,26.69999999999999,-0.7000000000000002,3.0,0,0,0,0,2,0,0,1,28.0,0.0958904109589041,1,0
944,1EY0A,1EY0,A,V,114.0,L,-1.07,7.0,20.0,114.0,-0.4000000000000003,0.0,26.69999999999999,-1.0,1.0,0,0,0,0,2,0,0,1,28.0,0.0958904109589041,1,0
945,1EY0A,1EY0,A,V,114.0,S,-0.04,7.0,20.0,114.0,-5.0,0.0,-51.0,3.299999999999999,-2.0,0,0,0,0,2,0,0,1,28.0,0.0958904109589041,1,0
946,1EY0A,1EY0,A,V,114.0,T,-0.31,7.0,20.0,114.0,-4.9,0.0,-23.90000000000001,2.6999999999999993,0.0,0,0,0,0,2,0,0,1,28.0,0.0958904109589041,1,0
947,1EY0A,1EY0,A,Y,27.0,A,-3.63,7.0,20.0,27.0,3.1,0.0,-105.0,1.8999999999999997,-2.0,0,0,0,0,0,0,1,0,15.0,0.0513698630136986,1,0
948,1EY0A,1EY0,A,Y,27.0,C,-2.72,7.0,20.0,27.0,3.8,0.0,-85.1,-0.7000000000000002,-2.0,0,0,0,0,0,0,1,0,15.0,0.0513698630136986,1,0
949,1EY0A,1EY0,A,Y,27.0,F,-0.4,7.0,20.0,27.0,4.1,0.0,-3.6999999999999886,-1.0,3.0,0,0,0,0,0,0,1,0,15.0,0.0513698630136986,1,0
950,1EY0A,1EY0,A,Y,27.0,H,-1.86,7.0,20.0,27.0,-1.9,0.1,-40.400000000000006,4.2,2.0,0,0,0,0,0,0,1,0,15.0,0.0513698630136986,1,0
951,1EY0A,1EY0,A,Y,27.0,I,-2.28,7.0,20.0,27.0,5.8,0.0,-26.90000000000001,-1.0,-1.0,0,0,0,0,0,0,1,0,15.0,0.0513698630136986,1,0
952,1EY0A,1EY0,A,Y,27.0,K,-3.78,7.0,20.0,27.0,-2.5999999999999996,1.0,-25.0,5.1000000000000005,-2.0,0,0,0,0,0,0,1,0,15.0,0.0513698630136986,1,0
953,1EY0A,1EY0,A,Y,27.0,L,-1.55,7.0,20.0,27.0,5.1,0.0,-26.90000000000001,-1.2999999999999998,-1.0,0,0,0,0,0,0,1,0,15.0,0.0513698630136986,1,0
954,1EY0A,1EY0,A,Y,27.0,M,-1.94,7.0,20.0,27.0,3.2,0.0,-30.69999999999999,-0.5,-1.0,0,0,0,0,0,0,1,0,15.0,0.0513698630136986,1,0
955,1EY0A,1EY0,A,Y,27.0,N,-3.83,7.0,20.0,27.0,-2.2,0.0,-79.5,5.3999999999999995,-2.0,0,0,0,0,0,0,1,0,15.0,0.0513698630136986,1,0
956,1EY0A,1EY0,A,Y,27.0,Q,-3.31,7.0,20.0,27.0,-2.2,0.0,-49.79999999999998,4.3,-1.0,0,0,0,0,0,0,1,0,15.0,0.0513698630136986,1,0
957,1EY0A,1EY0,A,Y,27.0,R,-3.05,7.0,20.0,27.0,-3.2,1.0,-20.19999999999999,4.3,-2.0,0,0,0,0,0,0,1,0,15.0,0.0513698630136986,1,0
958,1EY0A,1EY0,A,Y,27.0,S,-3.21,7.0,20.0,27.0,0.5,0.0,-104.6,2.999999999999999,-2.0,0,0,0,0,0,0,1,0,15.0,0.0513698630136986,1,0
959,1EY0A,1EY0,A,Y,27.0,T,-3.18,7.0,20.0,27.0,0.6000000000000001,0.0,-77.5,2.3999999999999995,-2.0,0,0,0,0,0,0,1,0,15.0,0.0513698630136986,1,0
960,1EY0A,1EY0,A,Y,27.0,V,-2.65,7.0,20.0,27.0,5.5,0.0,-53.599999999999994,-0.2999999999999998,-1.0,0,0,0,0,0,0,1,0,15.0,0.0513698630136986,1,0
961,1EY0A,1EY0,A,Y,27.0,W,-0.72,7.0,20.0,27.0,0.4,0.0,34.20000000000002,-0.7999999999999998,2.0,0,0,0,0,0,0,1,0,15.0,0.0513698630136986,1,0
962,1EY0A,1EY0,A,Y,54.0,A,-1.97,7.0,20.0,54.0,3.1,0.0,-105.0,1.8999999999999997,-2.0,0,0,0,0,2,0,0,1,38.0,0.1301369863013698,0,0
963,1EY0A,1EY0,A,Y,54.0,F,-0.38,7.0,20.0,54.0,4.1,0.0,-3.6999999999999886,-1.0,3.0,0,0,0,0,2,0,0,1,38.0,0.1301369863013698,0,0
964,1EY0A,1EY0,A,Y,54.0,G,-1.72,7.0,20.0,54.0,0.9,0.0,-133.5,2.8,-3.0,0,0,1,0,2,0,0,1,38.0,0.1301369863013698,0,0
965,1EY0A,1EY0,A,Y,54.0,L,-3.31,7.0,20.0,54.0,5.1,0.0,-26.90000000000001,-1.2999999999999998,-1.0,0,0,0,0,2,0,0,1,38.0,0.1301369863013698,0,0
966,1EY0A,1EY0,A,Y,85.0,A,-0.41,7.0,20.0,85.0,3.1,0.0,-105.0,1.8999999999999997,-2.0,0,0,0,0,2,0,0,1,165.0,0.565068493150685,0,1
967,1EY0A,1EY0,A,Y,85.0,F,-0.07,7.0,20.0,85.0,4.1,0.0,-3.6999999999999886,-1.0,3.0,0,0,0,0,2,0,0,1,165.0,0.565068493150685,0,1
968,1EY0A,1EY0,A,Y,85.0,G,-1.05,7.0,20.0,85.0,0.9,0.0,-133.5,2.8,-3.0,0,0,1,0,2,0,0,1,165.0,0.565068493150685,0,1
969,1EY0A,1EY0,A,Y,85.0,L,-0.15,7.0,20.0,85.0,5.1,0.0,-26.90000000000001,-1.2999999999999998,-1.0,0,0,0,0,2,0,0,1,165.0,0.565068493150685,0,1
970,1EY0A,1EY0,A,Y,91.0,F,-2.27,7.0,20.0,91.0,4.1,0.0,-3.6999999999999886,-1.0,3.0,0,0,0,0,0,0,1,0,0.0,0.0,1,0
971,1EY0A,1EY0,A,Y,91.0,L,-3.83,7.0,20.0,91.0,5.1,0.0,-26.90000000000001,-1.2999999999999998,-1.0,0,0,0,0,0,0,1,0,0.0,0.0,1,0
972,1EY0A,1EY0,A,Y,93.0,F,-1.81,7.0,20.0,93.0,4.1,0.0,-3.6999999999999886,-1.0,3.0,0,0,0,0,0,0,1,0,16.0,0.0547945205479452,1,0
973,1EY0A,1EY0,A,Y,93.0,L,-4.53,7.0,20.0,93.0,5.1,0.0,-26.90000000000001,-1.2999999999999998,-1.0,0,0,0,0,0,0,1,0,16.0,0.0547945205479452,1,0
974,1EY0A,1EY0,A,Y,113.0,A,0.06,7.0,20.0,113.0,3.1,0.0,-105.0,1.8999999999999997,-2.0,0,0,0,0,2,0,0,1,292.0,1.0,0,1
975,1EY0A,1EY0,A,Y,113.0,F,0.07,7.0,20.0,113.0,4.1,0.0,-3.6999999999999886,-1.0,3.0,0,0,0,0,2,0,0,1,292.0,1.0,0,1
976,1EY0A,1EY0,A,Y,113.0,G,-0.2,7.0,20.0,113.0,0.9,0.0,-133.5,2.8,-3.0,0,0,1,0,2,0,0,1,292.0,1.0,0,1
977,1EY0A,1EY0,A,Y,113.0,L,0.2,7.0,20.0,113.0,5.1,0.0,-26.90000000000001,-1.2999999999999998,-1.0,0,0,0,0,2,0,0,1,292.0,1.0,0,1
978,1EY0A,1EY0,A,Y,115.0,A,-0.25,7.0,20.0,115.0,3.1,0.0,-105.0,1.8999999999999997,-2.0,0,0,0,0,0,0,1,0,161.0,0.5513698630136986,0,1
979,1EY0A,1EY0,A,Y,115.0,F,-0.02,7.0,20.0,115.0,4.1,0.0,-3.6999999999999886,-1.0,3.0,0,0,0,0,0,0,1,0,161.0,0.5513698630136986,0,1
980,1EY0A,1EY0,A,Y,115.0,G,-0.56,7.0,20.0,115.0,0.9,0.0,-133.5,2.8,-3.0,0,0,1,0,0,0,1,0,161.0,0.5513698630136986,0,1
981,1EY0A,1EY0,A,Y,115.0,L,-0.22,7.0,20.0,115.0,5.1,0.0,-26.90000000000001,-1.2999999999999998,-1.0,0,0,0,0,0,0,1,0,161.0,0.5513698630136986,0,1
