protein_id,mutations,pretty_sites,num_mutations,predicted_ddg,method
1EY0A,1EY0A:12A>G;1EY0A:39V>G,12A>G;39V>G,2,-4.455103597883599,GA
1EY0A,1EY0A:132A>G;1EY0A:76F>G,76F>G;132A>G,2,-4.451735727513226,GA
1EY0A,1EY0A:23V>S;1EY0A:76F>G,23V>S;76F>G,2,-4.4308355687830705,GA
1EY0A,1EY0A:36L>A;1EY0A:76F>G,36L>A;76F>G,2,-4.43083556878307,GA
1EY0A,1EY0A:39V>G;1EY0A:66V>T,39V>G;66V>T,2,-4.403238247354497,GA
1EY0A,1EY0A:39V>G;1EY0A:94A>G,39V>G;94A>G,2,-4.393486541005293,GA
1EY0A,1EY0A:132A>G;1EY0A:39V>G,39V>G;132A>G,2,-4.379746521164018,GA
1EY0A,1EY0A:23V>S;1EY0A:39V>G,23V>S;39V>G,2,-4.36942759920635,GA
1EY0A,1EY0A:36L>A;1EY0A:39V>G,36L>A;39V>G,2,-4.36942759920635,GA
1EY0A,1EY0A:132A>G;1EY0A:23V>S,23V>S;132A>G,2,-4.36326376262626,GA
1EY0A,1EY0A:12A>G;1EY0A:23V>S,12A>G;23V>S,2,-4.351174556277055,GA
1EY0A,1EY0A:23V>S;1EY0A:76F>A,23V>S;76F>A,2,-4.348770628306876,GA
1EY0A,1EY0A:12A>G;1EY0A:39V>S,12A>G;39V>S,2,-4.324133127705626,GA
1EY0A,1EY0A:12A>G;1EY0A:34F>A,12A>G;34F>A,2,-4.3220673015873015,GA
1EY0A,1EY0A:36L>A;1EY0A:76F>A,36L>A;76F>A,2,-4.317425575396825,GA
1EY0A,1EY0A:36L>A;1EY0A:39V>S,36L>A;39V>S,2,-4.314459285714285,GA
1EY0A,1EY0A:23V>S;1EY0A:36L>A,23V>S;36L>A,2,-4.309695952380952,GA
1EY0A,1EY0A:132A>G;1EY0A:34F>A,34F>A;132A>G,2,-4.302588035714286,GA
1EY0A,1EY0A:39V>G;1EY0A:90A>G,39V>G;90A>G,2,-4.28715753968254,GA
1EY0A,1EY0A:17A>G;1EY0A:39V>S,17A>G;39V>S,2,-4.286928088023087,GA
1EY0A,1EY0A:17A>G;1EY0A:34F>A,17A>G;34F>A,2,-4.281550595238095,GA
1EY0A,1EY0A:23V>S;1EY0A:34F>A,23V>S;34F>A,2,-4.278764007936507,GA
1EY0A,1EY0A:128S>G;1EY0A:39V>G,39V>G;128S>G,2,-4.273351970899468,GA
1EY0A,1EY0A:23V>S;1EY0A:39V>S,23V>S;39V>S,2,-4.270249841269841,GA
1EY0A,1EY0A:132A>G;1EY0A:39V>S,39V>S;132A>G,2,-4.256096679292926,GA
1EY0A,1EY0A:34F>A;1EY0A:39V>G,34F>A;39V>G,2,-4.254182857142856,GA
1EY0A,1EY0A:36L>V;1EY0A:39V>G,36L>V;39V>G,2,-4.24800558201058,GA
1EY0A,1EY0A:34F>A;1EY0A:36L>A,34F>A;36L>A,2,-4.244926507936509,GA
1EY0A,1EY0A:39V>S;1EY0A:94A>G,39V>S;94A>G,2,-4.231025455747954,GA
1EY0A,1EY0A:132A>G;1EY0A:36L>A,36L>A;132A>G,2,-4.227953432539684,GA
1EY0A,1EY0A:39V>T;1EY0A:66V>S,39V>T;66V>S,2,-4.184713551587301,GA
1EY0A,1EY0A:125L>I;1EY0A:39V>G,39V>G;125L>I,2,-4.161350726911979,GA
1EY0A,1EY0A:125L>A;1EY0A:12A>G,12A>G;125L>A,2,-4.133568591269842,GA
1EY0A,1EY0A:23V>S;1EY0A:74V>T,23V>S;74V>T,2,-4.128007585978832,GA
1EY0A,1EY0A:23V>T;1EY0A:39V>S,23V>T;39V>S,2,-4.128007585978831,GA
1EY0A,1EY0A:25L>A;1EY0A:39V>S,25L>A;39V>S,2,-4.114480238095235,GA
1EY0A,1EY0A:36L>I;1EY0A:39V>G,36L>I;39V>G,2,-4.114419668710918,GA
1EY0A,1EY0A:34F>A;1EY0A:39V>S,34F>A;39V>S,2,-4.086249404761904,GA
1EY0A,1EY0A:39V>A;1EY0A:98M>G,39V>A;98M>G,2,-4.059350224867726,GA
1EY0A,1EY0A:36L>A;1EY0A:74V>T,36L>A;74V>T,2,-4.028772248677246,GA
1EY0A,1EY0A:36L>A;1EY0A:39V>T,36L>A;39V>T,2,-4.028772248677245,GA
1EY0A,1EY0A:102A>G;1EY0A:39V>S,39V>S;102A>G,2,-4.0071369444444445,GA
1EY0A,1EY0A:65M>G;1EY0A:74V>T,65M>G;74V>T,2,-3.987199517195764,GA
1EY0A,1EY0A:36L>V;1EY0A:39V>S,36L>V;39V>S,2,-3.9555897883597866,GA
1EY0A,1EY0A:34F>A;1EY0A:65M>G,34F>A;65M>G,2,-3.9497188029100485,GA
1EY0A,1EY0A:39V>G;1EY0A:65M>A,39V>G;65M>A,2,-3.9323855092592566,GA
1EY0A,1EY0A:132A>G;1EY0A:27Y>R,27Y>R;132A>G,2,-3.9321872751322786,GA
1EY0A,1EY0A:39V>S;1EY0A:65M>G,39V>S;65M>G,2,-3.9315253703703674,GA
1EY0A,1EY0A:36L>A;1EY0A:65M>G,36L>A;65M>G,2,-3.930818961640207,GA
1EY0A,1EY0A:23V>S;1EY0A:65M>G,23V>S;65M>G,2,-3.9299587037037007,GA
